name,type
Medidata,person
Dave Kleiman,person
Julian Assange,person
Brian Brackeen,person
Unseals Ex-Playboy Model,person
Facebook Messenger,person
Meryl Streep,person
Mark Cuban,person
Mikhail Prokhorov,person
Joel Manby,person
Lin,person
Stephen Lanzo,person
Long Hidden,person
Broderick,person
Leah Aden,person
Gracias,person
Pina,person
Will Fischbach,person
Reed Elsever,person
Recode,person
Duffy,person
Bela,person
Kleiner,person
Otto s,person
Wei,person
Paul Callan,person
Marc Sloan,person
Daisy Olivo,person
Salkin,person
Dennis Carey,person
Luke,person
Lebedev,person
Alex Wong,person
Bosley,person
Evelyn Stauffer,person
Bird,person
John Sargent,person
Lee Ann McAdoo,person
Andrew Cogan,person
Eli Manning,person
Robert Niblock,person
Alain Dehaze,person
Gordon Vayo,person
CTO Dan Phillips,person
Jamie Lynn Butler,person
Bias,person
Dave Arnold,person
ALNY,person
Bill Winters,person
Law,person
Boris Collardi,person
Thomas Wolfley,person
Ben Lerer,person
Gavin Slater,person
Dhaliwal,person
Arroyo,person
James Otero,person
Nedko Ivanov,person
Bela Karolyi,person
Alyson Shontell,person
Mark Thompson,person
Kinsella Weitzman Iser Kump & Aldisert,person
Fran Walsh,person
George Avetisov,person
Jean-Marc Janaillac,person
Iron Man,person
Michael Beckerman,person
Frank Poore,person
Trumps,person
Schembri,person
Cook,person
Amos Genish,person
Coulter,person
Dan,person
Immelt,person
Mary Barra,person
Rich,person
Abigail Ross Hopper,person
Pavel Durov,person
Jerry Brown,person
Jack Montague,person
Jane Doe 1,person
Helen Donahue,person
Lei Jun,person
Stranahan,person
Swan,person
CTO Ken Tidwell,person
Aly Raisman,person
Edith Harbaugh,person
Jacob Bloom,person
DeBrodie,person
Jeff Green,person
Drew Brees,person
Shonda Rhimes,person
Barbara Schneeweiss,person
Jim McCaughan,person
Bob Ferguson,person
Paulo Alves,person
Brad Dickerson,person
Kyle Barbaro,person
CTO Neal Liu,person
Cyberattacks,person
Glasser,person
Kaplan,person
Jo Hopper,person
Zinke,person
Richard Quest,person
Anthony Sebok,person
Adrienne Lawrence,person
Tom Harty,person
Steve Stapleton,person
Mejia,person
Jessica Karp Bansal,person
Aimco,person
Chuck Johnson,person
Shakil Khan,person
Nancy Brown,person
Alexander Vikharev,person
ZIxuan Rao,person
Daniels,person
Kaz Hirai,person
Ryan Graciano,person
Owen Cyrulnik,person
Forrest,person
Joe Duffy,person
Ingrid Avenda,person
Ketan Jhaveri,person
Sophie Kivlehan,person
McGowan,person
Gillian Tans,person
Alnylam,person
Ted Marzilli,person
Stephen Brashear,person
Max Kennerly,person
Paul Manafort,person
Bill Peters,person
Eric Trump,person
John Hanke,person
Ram,person
Ron Black,person
Keith Cozza,person
Susman Godfrey,person
Allen Lindstrom,person
Netscape,person
Lommatzsch,person
Rebecca,person
Jinnah Hosein,person
Siri,person
Jill Hazelbaker,person
Lisa Page,person
Mary Elizabeth Fleig,person
Yee,person
Alex Jones,person
Brett Berish,person
Howard,person
Binny Bansal,person
Alvin K. Hellerstein,person
9Spokes Tim Boughton,person
Kasper Rorsted,person
Sucampo,person
Brian Lohan,person
Craig Federighi,person
Fotolia,person
Politico Martin Sorrell,person
Madonna,person
Ian Christopher McCaleb,person
Acasa,person
Moonves,person
Sidney Blumenthal,person
Anjali Sud,person
Hugh Hempel,person
Emma Grey Ellis,person
Jarrett,person
Tony Fadell,person
Mr Rich,person
Bolt,person
Watkins,person
Bayoh,person
Reid,person
Jim Lentz,person
Lamar,person
Marguerite Reardon AT&T,person
Kevin Schmidt,person
Leonard Pozner,person
Ricky,person
Adam Silver,person
Grigory Rodchenkov,person
Getty Craig Brittain,person
Rachel Bronson,person
Getty Facebook,person
Greg Blatt,person
Stefania,person
Judd,person
Eliot Horowitz,person
Keith Olbermann,person
WTFFFFF,person
Stephen Legomsky,person
Luke Heron,person
Patricia Hurtado,person
Ron,person
Sigma Hoi Lam,person
Maria Cottone,person
Christopher Porco,person
Chip Somodevilla,person
Dean Obeidallah,person
Eric Goldman,person
Martine Rothblatt,person
Hogan Gidley,person
Green,person
David,person
Dunnie Richard Tuck,person
Kevin Johnson,person
Renata,person
Papa,person
John Bolton,person
Lianne Milton,person
Chen,person
Pepe,person
Julie Cooling,person
Lathan Watts,person
Patrick Sandusky,person
JC Lee,person
Brad Stevens,person
Sloan,person
Kenneth Ball,person
Manchin,person
John Defterios,person
Lena Masri,person
Engelien,person
David Sacks,person
Hansen,person
Amy Berman Jackson,person
Jim Bankoff,person
Brauneis,person
Dan Primack,person
Chuck Cumello,person
Mikey Campbell,person
Biktarvy,person
Rodchenkov,person
Dana Berliner,person
Daniel Tawiah,person
Harris,person
Lewinsky,person
Marcelo Claure,person
Lance Fritz,person
Melania,person
Nicolas Hulot,person
Saporito,person
Fayez Nureldine,person
MacKenzie Bezos,person
Lahon Wbas,person
Jamie Davis,person
Neil Portnow,person
Garrick Freeman,person
Mubadala,person
Nikolas Cruz,person
Jerry Maguire,person
Whitman,person
Ice Cube,person
Huenefeld,person
Alex Gorsky,person
Pepe the Frog,person
Sinclair,person
Jade Egg,person
Martin Winterkorn,person
Louis Camilleri,person
Jeff Miller,person
Greenier,person
Jezebel,person
Leonardo DiCaprio,person
Stris,person
Brandon Krieg,person
Andrew Intrater,person
Ramsey,person
George Huang,person
Viola Bryant,person
Sergio Ermotti,person
Audrey-Laure Bergenthal,person
Kathleen Breitman,person
Stephen Rodrick,person
DeMunn,person
FNJN,person
Sherpa,person
Brian Chesky,person
Mark Papermaster,person
Alexandra Bouriko,person
Laverne Cox,person
Tik Tok,person
David Becker,person
Christopher Robin,person
Gavin Cox,person
Rob Kim,person
Ed O’Bannon,person
Martin Gaynor,person
Paul Pomroy,person
Baker Hughes,person
Jonathan Shapiro,person
Elizabeth Kuhn,person
Leigh Corfman,person
Sheets’,person
de la Huerta,person
Miki Berardelli,person
Ryan Rzepecki,person
Alaska Statute,person
Sean Davis,person
Christine Romans,person
Spencer Rascoff,person
Matt Drudge,person
LiDar,person
Birkenstock,person
Jared Sine,person
Bob Weinstein,person
John King,person
Craig Carton,person
Mayweather,person
Carper,person
Flannery,person
Mike Tyson Mysteries,person
Rudinplay,person
John Singer,person
Melania Trump,person
Tim Fernando,person
James Kuffner,person
Keith McLoughlin,person
David Ingram,person
Vito Bialla,person
Harold Kahn,person
Jan Wolfe,person
Carlos Bea,person
Daniel Och,person
Tom Clancy,person
Gilmore,person
Peggy Peterson,person
Sandberg,person
Andy Beshear,person
Bethesda Softworks,person
Jesus Pascual,person
Jay Farner,person
Rob Glaser,person
Erald,person
Tony Fernandes,person
Sam,person
Ajit Jain,person
Morris,person
Valerie Caproni,person
Tom Petty,person
Joseph Breham,person
Ruth Moss Mrs Moss,person
Laster,person
Elizabeth Dotcom,person
Brees,person
Kenichiro Yoshida,person
Brennan,person
Mr Kavanagh,person
Geisha Williams,person
Mr Gertler,person
Arianna Huffington,person
David Doar,person
Brian Stelter,person
Jeffrey Jacobson,person
Hutchinson,person
Jon Brodkin,person
Quora,person
Sam Altman,person
Mark Baldassare,person
Steve Smith,person
Barney Harford,person
Paul Mozur,person
Knut Johnson,person
Alex Livesey,person
Jeff Rosen,person
John Keenan,person
Shaheen,person
Poe,person
Larry J. Merlo,person
LeBron James video,person
Massi,person
Marcus Christian,person
Beth Kuhel,person
DeBlasio,person
Sacha,person
Freedman,person
Anthony Noto,person
Politico,person
Rachel Lindon,person
Lesinski-Woolf,person
Arnaud de Puyfontaine,person
Jacob de Geer,person
Deb Gabor,person
JonBenet Ramsey,person
George B. Daniels,person
Eckert Seamans,person
Mohamed Salah,person
Vincent Citrullo,person
Kirstjen Nielsen,person
John Zimmer,person
Mrs Moss,person
Agritech,person
Paul Travers,person
Bumble Bumble,person
Madison,person
John Brennan,person
Wilk Auslander,person
Giannandrea,person
Jane Doe 2,person
Marvin Gaye,person
Louis Carey Camilleri,person
Marillyn Lockheed,person
Stormy Daniels’,person
Sarah Mick,person
Joe Jr.,person
Richard Hoyer,person
Mark Thomsen,person
Matt Carey,person
Denny Robinson,person
Doug Adler,person
Min-Liang Tan,person
Terry Crews,person
Gleason,person
Robert Mueller,person
Howard Stern,person
Brian Armstrong,person
Curiel,person
Alphabet Trial Waymo,person
Robert Keegan,person
Richard Vary,person
Bruce Westerman,person
Theron Thomas,person
Teflon,person
Matteo Salvini,person
Burck,person
Scott Chen,person
Johnson Moore,person
Michael J. Avenatti,person
Jensen Huang,person
Asher,person
Larry Rosen,person
Deutsch,person
Martin McCourt,person
Burberry,person
Wu Xiaohui,person
Rya Zobel,person
George Cope,person
Darmanin,person
Paul Ceglia,person
Hugh James,person
Altshuler Berzon,person
John Giannandrea,person
Responsys,person
Kevin Turner,person
Shine,person
Blankenship,person
Clarence Thomas,person
Ginny Rometty,person
Mike DeWine,person
Patton Boggs,person
Sarkozy,person
Lucio,person
Charles Randolph,person
Lynn Hartman,person
Andrew Aldrin,person
Finch,person
Jose Mas,person
Jack Landskroner,person
Kendall + Kylie,person
Emma Walmsley,person
Carolyn Summers,person
Tom Hayes,person
Vas Narasimhan,person
Leaf VC,person
Dana Sabraw,person
Kalanick,person
Ira Blumberg,person
Greg Schott,person
James Mattis,person
Joe,person
Zander Lurie,person
Robert Sumwalt,person
Suzanne Scott,person
Sam Award,person
Alessandro Bogliolo,person
Martin Bandier,person
Lampert,person
Marc Randazza,person
Ira Kleiman,person
Robb,person
Deepak Gupta,person
Streep,person
Perry Ellis,person
Mark Herring,person
Adam Rippon,person
Steve McNally,person
William Bohonyi,person
Richard Shotwell,person
Tayloe Stansbury,person
Todd R. Dickey,person
Swapnil Shinde,person
Baros,person
Ken Starr,person
Kimba Wood,person
Stephanie Clifford,person
Jack Welch,person
Anthony Delarosa,person
Fred Ford,person
Scott Raymond Dozier,person
Steve Schwarzman,person
Sean Sherman,person
Novak,person
Reggie Walton,person
Stephen Johnston,person
Camilleri,person
Vikram Pandit,person
Vinod Khosla,person
Bob Giuffra,person
Porter,person
Ted Farnsworth,person
Mark Zuckerberg Stephen Lam,person
Jose Nable,person
Antonelli Law,person
Michael Eisenkraft,person
Balan,person
Peterson,person
Rego Barros,person
Chloe,person
Anthony,person
Rajeev Suri,person
Creep,person
Brooks Harris,person
Barr,person
Tawiah,person
Hiroto Saikawa,person
Fran Horowitz,person
Lamb,person
Robert Clifford,person
Lisa Madigan,person
Jeff Kwatinetz,person
Russell Crowe,person
Jennifer Salke,person
Martha Strother,person
Richard Jacobs,person
Matt Bevin,person
Michael Corbat,person
"Sammy ""The Bull"" Gravano",person
Erika Wong,person
Zachary Catazaro,person
Stroz Friedberg,person
Koko,person
Hanks,person
Benjamin Crump,person
Xu Ziyang,person
Bowman,person
Christopher Steele,person
Ahmed,person
Sada-El,person
Rick,person
https://www.reuters.com/article/us-mcdonalds-lawsuit/mcdonalds-grimaces-at-happy-meal-lawsuit-idUSTRE73I4P820110419,person
Knight Ridder,person
Nicolle Wallace,person
Hedi Slimane,person
Mark Zuckerberg,person
Balwani,person
Ms Johnson,person
Eric Schiffer,person
Muzin,person
Stormy,person
Rolf Schr,person
Liss-Riordan,person
Alexa Borenkoff,person
Maria,person
Dennis Muilenburg,person
Vince McMahon,person
Justin Sullivan,person
Tia Hatton,person
Randy Smith,person
Brian L. Roberts,person
Cal Henderson,person
Tamar Jacoby,person
Lucio Lanza,person
Khosrowshahi,person
Oguz,person
Meadow Pollack Peterson,person
Susie Breitbart,person
Brett Shumate,person
"reach,’",person
Greg Lee,person
Franklin Turner,person
Pieter Elbers,person
Denise Landman,person
Dre,person
Clinton,person
John Manly,person
Danny Hakim,person
Eric Holder,person
Rosalie Styles,person
Brady,person
Scott Blackmun,person
Matthew Wing,person
Joseph Mifsud,person
Robin Li,person
Shihan Qu,person
Schiele,person
Ryan Shrout,person
Boutte,person
Sami Anan,person
Jonah Peretti,person
Satya Nadella Microsoft,person
Tonya Hall,person
Sekulow,person
Gretchen Carlson,person
Janice Dickinson,person
Ramon Laguarta,person
Hadas Gold,person
Sundar Pichai s,person
Jones,person
Todd McKinnon,person
Suzanna de Baca,person
Estelle Shirbon LONDON,person
Sophie,person
John Furner,person
Noam Bardin,person
Andrew Anglin,person
Joyce,person
George Barrett,person
Hui Huang Lee,person
George Washington,person
Carlos Ghosn,person
Lindsey Wasson,person
Eric Springer,person
Damore,person
Philippe Couillard,person
Timothy Sloan,person
Roberta Kaplan,person
Justin McLeod,person
Matt Varughese,person
Karen Dunn,person
Jessie Lorenz,person
Joe Kaeser,person
Metafused Marc Roberts,person
Seladeplar,person
Ms Madison,person
Tadashi Yanai,person
Iain Livingstone,person
Ido Savir,person
Dan Levine,person
Alison Nathan,person
Chris Urmson,person
Lizza,person
Abel,person
Barwin,person
Mac,person
Gigafactory,person
Ynon Kreiz,person
Ken Mascara,person
Joe DiPasquale,person
George Bush,person
Liu Yanchun,person
Hanson,person
Candace Martin,person
William Consovoy,person
Leslee Sarno,person
Black Cube,person
Olivia de Havilland,person
Chaplin,person
Stadler,person
Dimon,person
Justin Dearborn,person
Tim Armour,person
Anthony Nimmons,person
Mary Nichols,person
Matthew Herper Chris,person
Neil Armstrong,person
Joshua Metz,person
Joseph Chancellor,person
Beth Anne Steele,person
Oberthur,person
Rockstar,person
Christopher Foley,person
John Milligan,person
Consolini,person
Aaron Filler,person
Alex Austin,person
Mr Fowler,person
DiCello,person
Clarke,person
Pat Upshaw-Monteith,person
Kimbal Musk,person
Michael Zimmer,person
Michael Gonzales,person
Meli,person
Schneiderman Schneiderman,person
Alex Zhavoronkov,person
Manny Medina,person
Cheng Wei,person
Margarette Purvis,person
Kevin Russell,person
Martin,person
Katherine Hanratty,person
Dexter Goei,person
Stuart Meissner,person
Chip Paucek,person
Bodo,person
Eric Schaeffer,person
Neville Ray,person
Sorihin,person
Ethereum,person
George Tenet,person
Kiteka Hilary Anne Stephenson,person
Marty Neill,person
Lucas,person
Fran Sepler,person
Yu,person
Weil,person
Leah Millis,person
Rupert Murdoch,person
Rebecca Messina,person
Sunny Balwani,person
Josh Miller,person
Lauren Rousseau,person
Corey Graves,person
James Gwertzman,person
Harry Potter,person
Trevor Walker,person
L. Lin Wood,person
Perry,person
Shawn Williams,person
Rosenstein,person
Matt Denn,person
Danielle Seaman,person
Steven Lopez,person
Michael Jackson,person
Scot Peterson,person
Bouchard,person
Hicks,person
Basquiat,person
Indra Nooyi,person
Ira Rennert,person
Shepherd,person
Hildreth,person
Brian McNamee,person
Daniel Ek Ilya S. Savenok,person
Stormy Daniels Adult,person
Bowden,person
Walter Huang,person
Christy Cole,person
Craig Landau,person
Janet Foutty,person
Anne Wojcicki,person
Jonathan Howell,person
Anita Milanovich,person
Paula Kerger,person
Edmund G. Brown,person
Leigh Day,person
Eni,person
William Alsup,person
Steven M. Strauss,person
London Matthew Painter,person
David Kokakis,person
Klaus Zellmer,person
Byron Wien Blackstone,person
Marc Melzer,person
Beck Diefenbach,person
Gupta,person
Torsten M ller-,person
Sam Haskell,person
Martin Goodson,person
Maxwell Ly,person
Ma Huateng,person
Jonathan Stempel,person
Nancy Dubuc,person
Anna Scanlon,person
Yang Foo-oi,person
Anil Dash,person
Pierre Nanterme,person
Michael Carvin,person
AJ Shankar,person
Shea Meehan,person
Jen Wong,person
Ahmed Al-Rumaihi,person
Gary Mendell,person
Nick Patterson,person
Brandon Teena,person
Riggio,person
Kerry Perry,person
Ann Longmore,person
Jerome Barson,person
Phyllis Kupferstein,person
Timothy Carpenter,person
Robert Kraft,person
Abramovich,person
Ju-On,person
Katie Waldman,person
Catherine Rose Holzman,person
Bennett Lasko,person
Stanley Karol,person
Overeem,person
Zuck,person
Clemens,person
Jorge Duany,person
Greg Woienski,person
Christopher Wylie,person
Ryan Kadro,person
Steve Berman,person
Carissa Cutrell,person
Walsh,person
Minshew,person
Abrams,person
Tim Cook Chip Somodevilla,person
Steve Easterbrook,person
Vinay Viswanathan,person
Cruz,person
Scott Lambert,person
David Lowe,person
Gregg,person
@CMPunk,person
Caporella,person
Donald Trump Jr,person
Ellie Kincaid,person
Leetchi,person
Frank Carone,person
Fury,person
Gaby,person
Joel Ferguson,person
Hulk Hogan,person
Hawley,person
Scott Jenkins,person
Lars,person
Vyomesh Joshi,person
Meissner,person
Souza,person
Stefan Krause,person
John Sedlak,person
Jennifer Rankin Byrne,person
Kessler,person
Hustler,person
Brian Schultz,person
Lois Lerner,person
Joseph DeSimone,person
Razee Hassan,person
Kristen Anderson-Lopez,person
Beryl,person
"Shakil ""Shak"" Khan",person
Greg Harris,person
Greenwood,person
David Pecker,person
Denise Morrison,person
Bryan Wiener,person
Aldrins,person
Brian Harris,person
Rose,person
Gary Heminger,person
Levy Konigsberg,person
Mark Douglas,person
Phil Tagami,person
Rod Wheeler,person
Mohamad Ali,person
Camilla Taylor,person
Cagle,person
Christensen,person
John Oliver,person
Angie-eff-ski,person
Jonathan Spalter,person
Gates,person
Olga Vilukhina - three,person
Lasseter,person
Zhang,person
Bobby Kotick,person
Ira,person
Kayla,person
Hendrickson,person
Terry Lundgren,person
Jeff Lawson,person
Titanic Sinclair,person
Stacy Brown-Philpot,person
Andrew Cuomo,person
Daphne Carmeli,person
Tyler Houlton,person
Freezing Dad,person
Getty Telsa,person
Ursula M. Burns,person
George Miller,person
Applewhite,person
Terry Gou,person
Gerald Mortimer,person
Kelly,person
Kincaid,person
Free,person
Luminar,person
Xavier Botana,person
Sjostrom,person
Evgeny Nikitin,person
Eric Mathews,person
Gilbert,person
Moon,person
Reed Hastings,person
Django Unchained,person
Francis Pileggi,person
Carson,person
David Carroll,person
Susan Wojcicki,person
Oliver Blume,person
Zagat,person
Kris Naudts,person
Madison Brengle,person
Williams,person
Andy,person
Willie Walsh,person
David Baszucki,person
Neal Shapiro,person
Akoova Paul Dempsey,person
Lea Campbell,person
Hile,person
Shannon Stapleton Microsoft,person
Xavier Becrerra,person
Fabian Garcia,person
Gina Scigliano,person
Woojae Steve Jung,person
Richard Elman,person
Bill,person
Jack Dorsey,person
Seth Rich,person
Emily,person
Tom Brady,person
Addis Wechsler,person
Dylan Collins,person
Charles Marlowe,person
Lindsay,person
Ryan Coffey,person
Peter Ingram,person
Zhao Changpeng,person
Lazarus,person
Brittany Sheets,person
Wagner,person
Ojani Noa,person
Robert Murray,person
CTO Kevin Scott,person
Penn,person
Leslie Jacobs,person
Keane,person
Pitt,person
Susanne Lyons,person
Dara Khosrowshahi,person
Tara Ziemba,person
Preet Bharara,person
BiFab,person
Richard Spoor,person
Daniel Szalkiewicz,person
Marcus Schenck,person
Doyle,person
Bumble Bee,person
Rape Victim,person
Sara Johnston,person
Brad Benbrook,person
Liu Qiangdong,person
Raja Koduri,person
Dianne Feinstein,person
Whitney Wolfe,person
Matthew Ford,person
Dustin Moskovitz,person
Kaylee Cole,person
Van Ness Feldman,person
Eric Leandri,person
D'Vorkin,person
Mallon,person
Paul Hanly,person
Thom Tillis,person
Alexander Nix,person
Michael Eisner,person
Warren Retrievers,person
Eduardo Robreno,person
Teresa Corbin,person
William Chamberlain,person
Marlyn Pruitt,person
Henrik Zillmer,person
Mike Schroepfer,person
Pete Lau,person
Mark Schaaf,person
Michael Granston,person
Faleena Hopkins,person
Steve Ritchie,person
Wolff,person
Scanlon,person
LLDC,person
Gee,person
Nestora Salgado,person
Sibley,person
Diane Kelly,person
Will Stofega,person
Christoph Kuttner,person
Mike Williams,person
Vasant Narasimhan,person
Carvin,person
YoungJoo Hwang,person
Hitler 2,person
Frederick Smith,person
Punk,person
Heath Evans,person
Mr Catazaro,person
Kellan Baker,person
Ken Paxton,person
Malik,person
Frank Bunger,person
Andrew Left,person
Creep Lana Del Rey,person
Axel,person
Hartenstein,person
Sydney McNeal,person
Garcia,person
Mark Gilbert,person
Loretta Lynch,person
Paul Ryan,person
Jennifer Schecter,person
Matt Duffer,person
Christian Mueller,person
Schubert,person
Christopher Sinclair,person
Tim,person
Colin Fan,person
Alan Charles Gorintin,person
Charlo Greene,person
Katia Beauchamp,person
Avery McRae,person
Steve F. Stapleton,person
Maaz Sheikh,person
Jan Konopca,person
Jake,person
Stefan Sommer,person
Daniel Zhang,person
McMahon,person
Shurat Hadin,person
Peter Jackson s,person
WARM'-beer,person
Robin Howman,person
Hunter Hoffmann,person
Marchionne,person
Mike Riley,person
Stephen Lam,person
Oxendine,person
Linda Wang,person
Ms Zawaideh,person
Edward Snowden,person
Jeff Immelt,person
Tyson,person
Landskroner,person
Abacus,person
Franklin Roosevelt,person
Lawrence,person
Chris Cox,person
Jim Fitterling,person
Eric Koszyk,person
Brendan Pierson,person
TeamCo,person
Brad Garlinghouse,person
Faxon,person
B++,person
Hicham Haddad,person
O'Brien,person
Randy Freer,person
Casey,person
Ben Berkley,person
Anthony Pettis,person
Pat,person
Mark Russinovich,person
Daniel Wiessner,person
Randy Falco,person
Lynda,person
Ted Cruz,person
Roberts,person
Papadopoulos,person
Robert Haughey,person
Warren Brown,person
Guerrini,person
Natara Matias,person
Cohodes,person
J.P. Morgan,person
Richard Gates,person
Noss,person
Glendon Crain,person
Mark Von Holden,person
Brendan McDermid,person
Brittany Kaiser,person
Lou Anna Simon,person
Karen Gravano,person
T.M.,person
Joe Philbin,person
Sasha Baron Cohen,person
Omarosa,person
Welch,person
Gavin Parry,person
Simon Segars,person
Mozido,person
Louis C.K.,person
Jun Hasegawa,person
Richard Soloway,person
Sergei Prikhodko,person
Raphael Metzger,person
JB Straubel,person
Megaupload,person
Rohrhoff,person
Laurence Pilgeram,person
Melissa Riess,person
Diana Falzone,person
Meghan Markle,person
Johnson,person
Antonio Tajani,person
Snyk Hephzi Pemberton,person
John Cornyn,person
Durov,person
J. Patrick Doyle,person
JP Morgan,person
Jeff,person
Rochelle Dreyfuss,person
Warren Buffett,person
Christophe Simon,person
Marc Bitzer,person
Donald Trump Jr.,person
David Donnelly,person
Cody Flack,person
Chiesa,person
Landry,person
Debra Cafaro,person
Seguin,person
Bryan Schreier,person
Peyton Manning,person
Alexandra Sepulveda,person
Betty Pina,person
Lamar Baker,person
Angela Johnson,person
Jacob Moore,person
Tyler Watson,person
Rachel Denhollander e,person
Jeffrey Pierce,person
Beamery Sundar Venkitachalam,person
Zuma,person
Howard Yee,person
Jim Hackett,person
Kivalina,person
Eve,person
Joyce Moyer,person
Hinrich Woebcken,person
Dave Kleiman s,person
George Schultz,person
Milken,person
Snyder,person
Nassar,person
Derrick Johnson,person
Lim Tee Keong,person
Deen,person
Scott Glovsky,person
Oliver Brown,person
Wigdor,person
Tudor,person
Liz Claman,person
Wesley Hottot,person
Eugene Lee,person
Teladoc,person
Alibabacoin,person
Marcus Greenwood,person
Steve Lee,person
Michael D. Cohen,person
Mark Zoradi,person
Stewart,person
Bill Russo,person
Dan Doctoroff,person
Donato,person
Takashi Kawamura,person
Klein,person
Michael Terpin,person
Kamala Harris,person
Shigetaka Komori,person
Evan Wagner,person
Kasich,person
Philippe Dauman,person
Kimberly Snead,person
Wolfe,person
Cairn,person
Franco,person
Drake,person
Elaine,person
Berries,person
Tim Tully,person
Skipper,person
Nancy Mozzachio,person
Stephen Cooper,person
Paul Engelien,person
Stephen Curry,person
Baker,person
Collins,person
Tobias Knaup,person
Oli Scarff,person
Rob Mandel,person
Metail Tom Alisi,person
Djamel Agaoua,person
Ervin Coleman,person
Veronique De,person
Aaron Hoyos,person
Bob Gaudio,person
Sheryl Sandberg,person
Dominique Huett,person
Sebastian Thrun,person
Resigns,person
Ms Zervos,person
Timothy Thomas,person
Gab,person
Breitbart,person
Gareth Quinn,person
Hellerstein,person
McCabe,person
David Cole,person
Ethereum Changpeng Zhao,person
Mark Warner,person
Rudd,person
Ms Clifford,person
Lis Pendens,person
Coneybeer,person
Taylor Swift,person
Mike Gorenstein,person
Jarrod Ramos,person
Michael Roth,person
Subsys,person
Ray Dalio,person
Wayne Meyer,person
Frank Pitre,person
Spiderman,person
Cydan,person
Jeffrey Yohai,person
Tim Hinchey,person
Ronald Goldman,person
Matt Leas,person
Spiegel,person
"Gregg ""Rocky"" Brooks",person
Mike Watters,person
Dennis Prager,person
Hazel Van Ummersen,person
Carlson,person
Floyd Landis,person
Warner Wolf,person
Put Her Initial Lawsuit,person
Obergefell,person
Gualberto Ranieri,person
Walter Isaacson,person
Sean Hannity,person
Ross,person
Justin Schmidt,person
Mark Bankston,person
Gary Pruitt,person
Sheppard,person
Dechert LLP s,person
Malia Zimmerman,person
Elizabeth II,person
Subrata Roy,person
Cynthia Chen,person
Ken Chenault,person
Nicholas Dessaigne,person
Mitch Lowe,person
Deborah White,person
Whetsone,person
George Jepsen,person
Harold Hamm,person
Kenzo,person
Ron Jenkins,person
Kalman Isaacs,person
Starr,person
Lil Wayne,person
Geer Thevenot,person
Ms Levine,person
Leonard Schleifer,person
Jane,person
Eric Thomas Hartley,person
Albert Ortega,person
Facebook Image,person
Miranda Kerr,person
Ryan Murphy,person
Gregory Westbrooks,person
Dudley,person
Matthew Schettenhelm,person
Aleksandr Kogan,person
Facebook CTO,person
Shaffer,person
Natali Tene,person
Sergey Brin,person
Farley,person
Knight,person
Michael Milken,person
Chris Lynch,person
Ginsburg,person
Mifsud,person
Rielle Hunter,person
Personably,person
Robin Hayes,person
Meredith Attwell Baker,person
Minami Tamaki,person
Ike Perlmutter,person
Yuri Milner,person
Ryan,person
Christian Perez,person
Lisa La Bonte,person
Stina Ehrensvard,person
Java,person
Creighton,person
Su,person
Lane,person
Renee Wang,person
Amaysim,person
Keker,person
Seinfeld,person
Hock Tan,person
Richard Nixon,person
Kristen Lemkau,person
Jeff Jones,person
Bracken Darrell,person
Evan Jenkins,person
Guy Podjarny,person
Jina Choi,person
Mary Rich,person
Steven Wagner,person
Simon Watts,person
Nazer,person
Isaac Larian,person
David Mandelbrot,person
Brittany,person
Starboy,person
Lemonade,person
Michel Combes,person
Phillips,person
Kardashian,person
Greenberg Gross,person
Christian Magoon,person
Betaworks,person
Lance Morginn,person
Lee Gelernt,person
Aman,person
Robert Reffkin,person
Bob Lutz,person
Charles Elkan,person
Margo Georgiadis,person
Steve Collins,person
Priya Prakash,person
Angela Campbell,person
Larry Nassar,person
Davina Dixon,person
James Martin,person
Jason Fried,person
Larry Renfro,person
Dicerna,person
Manafort,person
Kristine Baker,person
John Legere,person
Eric Abramovitz,person
Patrick Cahill,person
Kenseth,person
Anton Yelchin s,person
Alan Joyce,person
Greg Carmichael,person
Harvey Weinstein s,person
Tory Bruno,person
Jose Antonio Meade,person
Carl Pei,person
"Terry ""Hulk Hogan"" Bollea",person
Siegfried Otto,person
Chris Daniels,person
Sergio Marchionne,person
Joseph,person
Herbert Slatery,person
Ms Cicco,person
Waymo,person
Helen,person
Donald J. Trump Jr.,person
Paul Weiss,person
Bill Ford,person
Amadeo Brenninkmeijer,person
Daniel Schwei,person
Roger Nolan,person
Moore,person
Rogers,person
Advertisement Davis,person
Andre Bouchard,person
Danny Zhang,person
Matthew Shay,person
James Ryan Burgess,person
David Koning,person
Carlos Ramirez,person
Steve Campora,person
Sacramento Bee,person
Adam A. Marshall,person
Met Gala,person
Donald Trump,person
Schroeder,person
Snowden,person
Damian Collins,person
Chad Dickerson,person
Steve Wynn Wynn,person
NYCLU,person
Laure N m e,person
Andrew M. Harris,person
Boomer Esiason,person
Andrew Breitbart,person
Lonnie Moulder,person
Alf Barrios,person
Andrew Boetjer,person
Vachata,person
Legere,person
Rawls,person
Aaron Sorkin,person
Rettig,person
Vasostrict,person
Kati Levoranta,person
Michael Overell,person
Derrick Rose,person
Colt Cabana Is,person
Jennifer Lee,person
Andy Penn,person
Sajid Javid,person
David Copperfield,person
Laurent Potdevin,person
Theresa May,person
Heather Sonn,person
Linda McKinnon Mortimer,person
Danny Goodisman,person
Matt Schettenhelm,person
Michael Yee,person
Jeff Koyen,person
Kushner,person
Obioma,person
Diane L. Houk,person
Marc Anthony,person
Kara Swisher,person
Simpson,person
Craig] Clark,person
Mongeau,person
Tom Frieden,person
Ron Burkle Sues,person
Kate Taylor,person
Stephen Thomas,person
Henry Halt,person
Magoo,person
OmiseGo Mona,person
Kyle Vogt,person
Brent Blakely,person
George St. George,person
Peter Kern,person
Zucker,person
David Katz,person
Daniel Schwartz,person
Stephen Joyce,person
Jacobson,person
Vanita Gupta,person
Klages,person
Maggie Lake,person
Glenn Kelman,person
Kiran Vaidya,person
Wired,person
Hoyos,person
Brian Lesser,person
Heiko D,person
Sean Phillips,person
Jack Phillips,person
Andrew Harnik,person
Bob Phibbs,person
Brent Bellm,person
David Glovin,person
Zuckerberg,person
Calvin McDonald,person
Tushar Agarwal,person
Nicole Hong,person
George Kurian,person
Wilson,person
Sergio Ramos,person
Justin Mateen,person
Greg Phillip,person
Donald,person
Ethan Miller,person
Sam Shank,person
Pritzker,person
Jonathan Bauer,person
David Abney,person
Bill McCaffrey,person
Nate Raymond,person
McCoy,person
Rika,person
Scott Gerber,person
Howard Schultz,person
Binay Shetty,person
Mike Mayo,person
Justin Whitehead,person
Kim Cattrall,person
Natalia Drozdiak,person
Anthony Pompliano,person
Ethan Dvash-Banks,person
Robin Thicke,person
Pierre Dubuc,person
Tony Stewart,person
Mr McGuigan,person
Cohen Milstein Sellers,person
Bob Dudley,person
Kathryn Singh,person
Ariana Kukors Smith,person
Shera Bechard,person
Hillary Clinton,person
David Kistenbroker,person
Swift,person
Victoria Guenier,person
Paul,person
Doug Krizner,person
Kenneth I. Chenault,person
Adam Lanza,person
Tim Cook Reuters,person
Rifat Oguz,person
Rahul Chopra,person
Musa Tariq,person
Fintiklis,person
Oliver Smith,person
John Standley,person
Samuel Spangenberg,person
Ketanji Brown Jackson,person
Vivek Garipalli,person
Arcaro,person
Ajay Krishnan,person
Stephen Schwarzman,person
Aaron Hernandez,person
Mamoon Hamid,person
Larry Hutcher,person
Steven M. Cersonsky,person
Blake Farenthold,person
Albert Hammond,person
Juli Briskman,person
Denson,person
Keara Nieves,person
Robert Thomson,person
Parminder Singh Shergill,person
William A. Brewer III,person
Techonomy,person
Montgomery Parks,person
Rupert Baines,person
Kapil Kaul,person
MD Julian Ogrin,person
Stephane Fima,person
Lila Chavez,person
Crytek,person
Jim,person
Dennis Pratte,person
Jeff Gennette,person
Thomas Brejcha,person
Neil Yong,person
Pam Matranga,person
Jayden Foytlin,person
Benjamin Netter,person
Teigen,person
Rob Porter,person
Antonin Scalia,person
Al-Rumaihi,person
Jeff Raber,person
Wyden,person
Vittorio Colao,person
David Barda,person
Ginsberg,person
Sophia Bot,person
CTO Tyler Brock,person
Neil Young,person
Lianne Hornsey,person
Victoria Soto,person
Keanu Reeves,person
Caroline Schact,person
Darren Woods,person
Eduardo Singerman,person
Larry Wallace,person
Doug Dennerline,person
Matt Comyn,person
Chris Clark,person
Assange,person
Kadian Noble,person
Laura Cicco,person
Gerald Tan,person
Wendl,person
Noel Cintron,person
Jeffrey Gennette,person
Harold Gurewitz,person
Josh Robbins,person
Wadlin,person
Weis,person
Susan Aitken,person
Andres Garcia-Amaya,person
Enlarge Image 20th,person
Freshly,person
Marillyn Hewson,person
A.J. Daulerio,person
HNA,person
Vestberg,person
Bill Ready,person
Will Smith,person
Frank Gibeau,person
Hamza Mustafa,person
O'Reilly,person
Caine,person
Tesla TSLA,person
Kazuo Okada,person
Lex Borealis,person
Buckley Sandler,person
Townsend,person
Obalon Therapeutics,person
Josh McDaniels,person
Kevin Nash,person
David Frum,person
Derek Jeter,person
Steinhoff,person
Paul Jacobs,person
McSally,person
Sherri Simpson,person
Samuel Alito,person
James Long,person
Alvaro Bedoya,person
Krokos,person
Laurie Segall,person
Drugmaker,person
Beran,person
Hill,person
Amazon Alexa,person
Ai,person
Barbara Underwood,person
Samantha Wasser,person
Udemy,person
Unsworth,person
Stewart Butterfield,person
Adam Zimmerman,person
Randy Orton,person
Schifter,person
Rachel Denhollander,person
Ms Zaccari,person
Naruto,person
Yvette,person
Katmar,person
Roger Burnley,person
Bryan DeBoer,person
Adam Selipsky,person
Walt Ehmer,person
Jean Pierre Mustier,person
Qi Lu,person
Devin Stockfish,person
Kate Merli,person
CTO Van Duesterberg,person
Bossie,person
Jason Koebler/Motherboard,person
Todd Bradley,person
Kommersant,person
Casey Affleck YouTube,person
SoFi Offers,person
Michel Doukeris,person
Durbin,person
Nicole Rose,person
Villavicencio,person
James England,person
Terry Bollea,person
Noah Pozner,person
Richard Sullivan,person
Ajay Singh,person
Charles Warren Jr.,person
Conrad,person
Cecile Richards,person
Xiaomi,person
Hunter Harrison,person
Tom Adeyoola,person
Heather Cairns,person
Jane Montgomery,person
Josh Bloom,person
Diess,person
Wm Wrigley Jr,person
Juliette Saly,person
James T. Rock,person
Robert Burnson,person
Jim Jannard,person
Hank Ratner,person
Bowie Resources,person
Johannes Simon / Stringer,person
Careem,person
James Comey,person
Melanie Whelan,person
Perelman,person
Michael Rotondo,person
Davide Serra,person
Sarah Smith,person
Kathy Calvin,person
John Loughlin,person
Rutledge,person
Suda,person
Theodore Boutrous,person
Stuart Bowers,person
Salle Yoo,person
Joe Manchin,person
Scottie Nell Hughes,person
Victor Miller,person
Warmbier,person
Baiju Bhatt,person
Olivier Brandicourt,person
Armstrong,person
Richard Liu,person
Brent Saunders,person
Collin,person
Brandon Starkoff,person
Daniel D Lee,person
Mike Hazlewood,person
Eleanor McClatchy,person
Peter Stris,person
Bruner,person
Martha Waggoner,person
Wright,person
Letitia James,person
Nathan Butler,person
Tom Bradley,person
Rob,person
Jackson,person
Heinrich Hiesinger,person
DiSabato,person
Sylvester Stallone,person
David Dennison,person
Kaepernick,person
Robert Lighthizer,person
Tony Balkissoon,person
Ayyadurai,person
Logan Green,person
Jeff Weiner,person
Cortana,person
Hannah Turnbow,person
Mohit Lad,person
Otto Warmbier,person
Bill McDermott,person
Mandy,person
David Buchan,person
Stevante Clark,person
Goodwin Law,person
Kenneth Mayle,person
Lucas Calixto,person
Amy Kunrojpanya,person
Richard McLaren,person
Enom,person
Paul Tweed,person
Stephen Colbert,person
Paul Manwell,person
Alan Dershowitz,person
Kareem Burke,person
Kawamura,person
Sara Ashley O'Brien,person
Leo,person
Edward Russo,person
Brittany Oswell,person
Bill Cunningham,person
Walter,person
Kaul,person
Scalia,person
Ben Carson,person
James Damore,person
Buffett,person
Weeknd,person
Wayne LaPierre,person
Ed Butowsky,person
Greg Hayes,person
Vacco,person
Julian Rodgers,person
Jay Auslander,person
Vitalik Buterin,person
Brainstorm Health,person
Christopher Amann,person
TED,person
Lori,person
Rupert Stadler,person
Scorcese,person
Kemp,person
Palacios,person
Elizabeth Holmes,person
Summer Zervos Image,person
Kiichiro Sato,person
Amy Spitalnick,person
Crist,person
Cal,person
LeEco,person
Liz Wessel,person
Cohen,person
Michael Ward,person
Ramos,person
Cole Bolton,person
Jeff Fettig,person
Schiff,person
Hess,person
Reggie Fils-Aime,person
Matthew Newburg,person
Mary Jane Rogers,person
Cohn,person
Thomas Kelly,person
Juergen Fitschen,person
Quilty,person
Cameron,person
Danae Vachata,person
John Sciulli,person
J. Christopher Smith,person
Joe Perez,person
Sarah Cannon,person
Debbie Sterling,person
Michael R. Bloomberg,person
Parker,person
Spencer,person
Hofmann,person
Ifeoma Ajunwa,person
Hackett,person
Mark Pincus,person
Robert Sweet,person
Dan Novack,person
Joshua March,person
Larian,person
Ronn Torossian,person
Trevor Martin,person
Craig,person
Toby Lennox,person
Bumble Responds,person
Donald Jr,person
Rosneft,person
Paul Otellini,person
Paul Allen,person
Gudeman,person
Catherine Eagles,person
Lee Stranahan,person
Ellen Pao,person
Juuler,person
Dowling,person
Daniels Lawsuit,person
Shiva Ayyadurai,person
Joel Rich,person
Chris Gulczynski,person
Leonid Blavatnik,person
Kristen Wiig,person
Karl-Johan Persson,person
Nunes,person
Craig Brittain,person
Michael Rubin,person
Bosworth,person
Jean Baptiste Su,person
Ken,person
Tony Mitchell,person
2.875 Bitcoin,person
Anthony Lewandowski,person
Azar,person
Sean Reyes,person
Carole Cadwalladr,person
John Krafcik,person
Jeffrey Reinking,person
Eric Scro,person
Pereira,person
Ryan Zinke,person
Vladimir Putin,person
Craig Wright,person
Elena Kagan,person
Kreiz,person
Andrew Chanin,person
Hakan Samuelsson,person
Steve Downing,person
Francis deSouza,person
Leonardo,person
Rex Sharp,person
Vivien,person
Kent Walker,person
Eugene Shvidler,person
Lisa Wilson,person
Tarana Burke,person
Erin Furleigh,person
Busuu Rob O’Donovan,person
Michael Lewis,person
SoPost Jonathan Petrides,person
Amy Conners,person
Easterling,person
Rudy Giuliani,person
Joe Dunn,person
Windrush,person
Wynn Resorts WYNN,person
Omarosa Manigault Newman,person
Bob Gamgort,person
John Kobs,person
O'Neill,person
James Park,person
Lilia Chavez,person
Richard Carleton,person
Butowsky,person
Thompson,person
Ross McEwan,person
Michael Cohen,person
Kamiu Lee,person
Grant,person
Mateen,person
McKayla,person
Ian Brossat,person
Steele,person
Gareth Pope,person
Mike Corbat,person
Mike Cagney,person
Alexander Tayler,person
Bradley Manning,person
Nikola,person
Joel,person
Bev Kearney,person
Tony Hsieh,person
Yiannopoulos,person
Bobby Burchfield,person
Ogletree Deakins,person
George Soros,person
Andrew Kisela,person
Jr.,person
Kogan,person
Heather Lommatzsch,person
03:08 Mortimer,person
Dunlap,person
Brian France,person
Marquise Rashaad Hepburn,person
Elizabeth Warren,person
Ryan Seacrest,person
Janice Lepore,person
Blackberry Messenger,person
Savage,person
Tyler Perry,person
Michael Len Williams II,person
Jake Van Naarden,person
Madoff,person
Pepper,person
Taylor Dumpson,person
Bobby Lopez,person
Leetchi Laure,person
Sue Phillips,person
Jay Ken Iinuma,person
Robert Mintz,person
Hubbard,person
Russell Stokes,person
Drover,person
Paul Houghton,person
Dewayne Johnson,person
Bajrushi,person
Expa,person
Dixon,person
Jeff Dunn,person
Koning,person
Ted Farnsworth MoviePass,person
Chris Lattner,person
John McAdams,person
Hogan,person
Nixon,person
Tom Sizemore,person
Daniel Hovland,person
Alastair Westgarth,person
Tim Chevalier,person
Jeanne M. Christensen,person
Neil Gorsuch,person
Eric Boehm,person
Tewolde Gebremariam,person
Jessica Logsdon,person
Dickman,person
Angela Copeland,person
Jho Low,person
Curiam,person
Handley,person
David Karandish,person
Max Richtman,person
J.R. Smith,person
Andrew Form,person
Michael Louis Braunstein,person
Heidi Zak,person
John Sidanta,person
Benetti,person
Reiche,person
Johan Lundgren,person
Charles Harder,person
Elaine Wynn,person
Dave,person
Ali Vahabzadeh,person
Gary Briggs,person
Karen Chupka,person
Mr Frampton,person
Aaron Farmer,person
Dad,person
Mark Schubert,person
Samantha Lee/Business,person
Shane Smith,person
Arne Sorenson,person
Mitchell Blocher,person
Bernd Appleby,person
Trevor Milton,person
Schettenhem,person
Scott Partridge,person
Hank Paulson,person
Michael Avenatti,person
Andy Jassy,person
Brian Frosh,person
Louis Vuitton,person
Rodgers,person
Steve Marshall,person
Sarah Jessica Parker,person
Gordon,person
David Cordani,person
Jason Hirschhorn,person
Liz Nicholl,person
Terry,person
David Taylor,person
Courtsey Laura Cicco,person
Charles Lee,person
Hain Celestial,person
Richard Plepler,person
Jim Hoft,person
Jonathan Su,person
Seth Flowerman,person
Roy Moore,person
Adam Gruler,person
Mitich,person
Kubrick,person
Steve Schmitz,person
Finicum,person
David Leyonhjelm,person
Mockingbird,person
Bill O'Reilly,person
Evan Spiegel,person
Byron Wien,person
Steve Wynn,person
David Kirkpatrick,person
Victor Zarco,person
Lohan,person
Russell Simmons,person
Hershey,person
Ned Parker,person
Justin Chando,person
Dan Millman,person
Greenberg,person
Oliver Cameron,person
Geoffrey Skelley,person
Mike Pettine,person
Heavin,person
John,person
Roger Stone,person
Marcel Fontaine,person
Ginni Rometty,person
Peter J. Messitte,person
Remy Smidt,person
Mark Read,person
Abbott,person
Rob Bishop,person
Brad Heath,person
Mayer,person
Karen Bradshaw,person
Sally DeLorean,person
Scarface,person
Jennifer Rie,person
Rebel Wilson,person
David Soldani,person
Bloomberg,person
Timothy Jost,person
Robin Koval,person
Andy Cecere,person
Matt Cooper,person
Roger Ailes,person
CTO Abhay Parasnis,person
Chuck Robbins,person
Narev,person
Shari Redstone s,person
Berman,person
Crain,person
Park,person
Gustavo Martinez,person
Bullock,person
Glenn Simpson,person
Jason Frank,person
Michael Kitces,person
Jonathan S. Sack,person
Benjamin Lesser,person
Katie Moussouris,person
Florian Seiche,person
Zindel s Play fist,person
Claudia Wilken,person
James Bullard,person
Kim Kardashian,person
Wahpeton,person
Peter Crock,person
Chalkup,person
Greg Abel,person
John B. McLemore,person
Pawan Verma Leads,person
Microclimate Tom Watson,person
Dmitri Alperovitch,person
Mariotti,person
Doug,person
Peter DeSantis,person
Leanne Kemp,person
Suryadevara,person
Jason Robins,person
Jonathan Nelson,person
Facebook Facebook,person
Jonathan Bush,person
Kate Spade,person
ERIC,person
Ari Emanuel,person
Aaron Rich,person
Richie Miller,person
Chieh Huang,person
Vester,person
Tina Sharkey,person
Macron,person
Cox,person
Khalid Al Falih,person
Robert Mercer,person
H Sebastian Seung,person
Saul,person
Pasiones,person
Jason Merrit,person
Cabana,person
Paez,person
Hyde,person
Lewin,person
Ben Wallace,person
Schnatter,person
Glenn Lurie,person
Snellgrove,person
Noel,person
Mike Hopkins,person
Kim Jong Un Daniels,person
Diana Farrell,person
Peter Messitte,person
Lu,person
Eyal Toledano,person
David Hartman,person
Andrew Dvash-Banks,person
Garrett Marquis,person
Guerrero,person
Doug Parker,person
Shapiro,person
Resigns Amid Shift to,person
Beata Mejia Mejia,person
Sijia Jiang,person
Prendergast,person
Daphne Caruana Galizia,person
Joe Sr,person
Stephen Diamond,person
Jim Donald,person
Matt King,person
Anna Joyce Partner,person
Stefano Pessina,person
Daniela Fernandez,person
James Donato,person
Kleiman,person
Vera Serova,person
Ron Johnson,person
Bro Culture,person
Harry Fox Agency,person
Casso,person
Anne Maureen Dowling,person
Harvey Weinstein,person
Lopez,person
Jonathan Nichols,person
Priscilla Chan,person
Andrew Gadlin Hi,person
Vivek Ravisankar,person
Carl Shapiro,person
SpotMini,person
Dave Frampton,person
Randall Stephenson,person
Tom Huddleston Jr.,person
Eric Mahr,person
Sheri Williams,person
Tony West,person
Ben Sherwood,person
Sree Kotay,person
Sanjay Mirchandani,person
Datorama,person
John Doe,person
Nick Groff,person
Fred Fleig,person
Sascha Baumann,person
Berkovich,person
Anna,person
Clintons,person
George W Bush,person
Katie Mesner-Hage,person
Android,person
Bette Davis,person
Hammond,person
Srinivasan,person
Todd Garland,person
Gersh,person
Jim Barber,person
Murray,person
Steven Spielberg,person
Jesner,person
Dawson,person
Pedro Parente,person
Joe Carbonaro,person
Justin Trudeau,person
Don Blankenship,person
Cara Meverden,person
Haroon Mirza,person
Shu Chang,person
Tom Enders,person
Matt Pawa,person
Maurice L vy,person
Richard Allison,person
Kathrein,person
Sanders,person
Gwyneth Paltrow,person
Zeitgeist,person
Donovan,person
Felix Leuschner,person
Shari Redstone,person
Chanda Kochhar,person
Keith Cowing,person
Mohamed Elhassan Mohamed,person
Elliot Broidy,person
Pierre Agnes,person
Byton,person
McNeal,person
Connie Lawson,person
Venter,person
O'Malley,person
Andy Morriss,person
Katherine Forrest,person
Comdata,person
Jim Turner,person
Emmanuel Macron,person
Masterpiece Cakeshop,person
Brian Moynihan,person
Liz Hill,person
Chris Brown,person
Marguerite Jackson,person
Karl Hennessee,person
Alissa Cleland,person
Chris Larsen,person
Juanita Duggan,person
HANA,person
Underwood,person
Namecheap,person
Josh Feldberg,person
Marjorie Vincent-Tripp,person
Matt Sharp,person
Pepe s,person
Daniel Chait,person
Mitch McConnell,person
Jim Karani,person
M. Casey Rodgers,person
Andrew N. Liveris,person
Marilou Danley,person
Tim Hortons,person
John Lansing,person
Casucci,person
Miller,person
Sean Rad Vivien Killilea,person
Thacker,person
Quarrie,person
Amanda Nevill,person
Dave Wedge,person
Donald Trump s,person
CHLOE,person
Christine Jantz,person
Jeff Sessions,person
Jenny Johnson Ware,person
Fred McNeill,person
Akio Toyoda,person
Charmanders,person
Slayer,person
Donald J. Trump,person
Lanza,person
Bonnie,person
Betsy Devos,person
Gertler,person
Soros,person
Amy Liu,person
Kenneth Salinger,person
Lana Del Rey Media,person
Ross Levinsohn,person
Frank Ocean,person
Roman,person
Charles Taylor,person
Bruce D. White,person
Lowe,person
Tyndall,person
Brian Kemp,person
Krzanich,person
Pharrell,person
Didi,person
Stephen Gillett,person
Saul Carlin,person
Anne,person
James Seguin,person
Greg Goff,person
Sara Blakely,person
Patricia,person
Nassar 01:39,person
Mammoth,person
Mr Weinstein,person
Tanweer Khan,person
Adrian Falkner,person
Instagram Profile,person
Sweet,person
Hary Tanoesoedibjo,person
Bouchra Ezzahraoui,person
Brett Kavanaugh,person
Maggie Nichols,person
David Schwimmer,person
Mr Galbraith,person
Autoweek,person
Jason Luce,person
Chris Hughes,person
Ron Gutman,person
USFL,person
Owen Shroyer,person
Keil,person
Stephenson,person
Les Moonves,person
Henry Holt,person
Bluehole,person
Graham Hyde,person
Robert Ferris,person
David Almaraz,person
Lim,person
Tom de Grunwald,person
Bend,person
Braufman,person
Zohar,person
Robert Iger,person
David Nevins,person
Dave Chappell,person
Michael Avanetti,person
Horace Coleman,person
Sisi,person
Ozzy Osbourne,person
Capbreton,person
James Wyrsch,person
Jennifer Jarosik,person
Dickinson,person
Sheppard Mullin,person
Jassim Al-Thani,person
Srini Koushik,person
Steve Bannon,person
Uma Thurman,person
John Engler,person
Gloria Allred,person
Seth Lubove,person
Mike Sitrick,person
Davis,person
Toni,person
Glen A. Larson,person
Ronan Farrow,person
Quill,person
Raffat,person
Roger Ver,person
Laurence Fink,person
Ms Rowlette,person
Freeman,person
Jeff Maggioncalda,person
Ballmer,person
Tom Brake,person
Azealia Banks,person
Rachel Axon,person
Johnny Morris,person
Ambien,person
Charlene Maher,person
Andrew Bourne,person
Noah,person
Path59 Michele Cuccovillo,person
Jonathan Martin,person
Logan,person
Bob Muglia,person
Bumble,person
Tanner,person
Michael Gottlieb,person
Mueller,person
Karen,person
Devin Wenig,person
Tim Steiner,person
Leslie Wexner,person
Will Ackerly,person
Ben van Beurden,person
John Puskar,person
Rock Mission Natasha Guerra,person
Geoff Tracy,person
Matthew Dunlap,person
Benjamin Wey Wall,person
Robin Grant,person
Heiko Duenkel,person
Napoleon Patacsil,person
Koduri,person
Paz de la Huerta,person
Frey,person
Ma,person
Zoox,person
Chris Stang,person
Alana Wise,person
Nancy MacIntyre,person
Yo Kwon,person
Aneesh Chopra,person
McKayla Maroney,person
Abdul Fatah,person
Marie Colvin,person
Simonds,person
Blum,person
Tom Donohue,person
Mark Parker,person
Loria,person
Ken Frazier,person
Keith,person
Bill Murray,person
Jerry,person
Channing Dungey,person
Tom Gimbel,person
Michael Mauler,person
Springer,person
Matthew Levatich,person
Mohamed,person
Twombly,person
Wada,person
Robert Bosch,person
Baker Botts,person
Larry Ellison,person
Yves Guillemot,person
Watson,person
Emin,person
Savannah Guthrie,person
Bill Cosby s,person
Kevin Plank,person
Peter Lee,person
Shooter,person
Mike Florio,person
Smiley,person
Sarah Hanson-Young,person
John Landgraf,person
Dale Horvath,person
Julia Olson,person
Peter Kilmartin,person
Rob High,person
Qaddafi,person
Jimmy Iovine,person
Tom Perez,person
MakerSupport,person
Alasaad,person
Charlie Kessler,person
Frosch,person
Bill Maher,person
Andrew Mendrala,person
Rustem Kazazi,person
Mark Okerstrom,person
MedImpact,person
Cory,person
Greene,person
Pambakian,person
Metallica,person
Bruno Sammartino,person
Jamil Farshchi,person
Stephen Squeri,person
Stephens,person
Naomi Reice Buchwald,person
Pozner,person
Dieter Poetsch,person
Carlos McClatchy,person
Asana,person
Lubetich,person
Arnold Donald,person
Trevor Edwards,person
Jim Fosina,person
Trek Bicycle,person
Michael Trusko,person
George W. Bush,person
Mike Steib,person
Mike Novogratz,person
Kel McClanahan,person
Mark Brnovich,person
Adam Venit,person
Shahmir Sanni,person
Mesereau,person
Evans,person
Paul Seamus Ryan,person
Jean Lopez,person
David Glasser,person
Saint Lawrence,person
Paul Maritz,person
Justin Sun,person
Steve Ells,person
Marc Andreessen,person
Burson-Marsteller,person
Fred Diaz,person
Suzanne Greco,person
Greising,person
Hutchison,person
Ursula Burns,person
Clark,person
RoTE,person
Ajeet Singh,person
Ivan Glasenberg,person
Anthony Kennedy,person
Erik Syverson,person
Carpenter,person
Jacob Nocon,person
Sundar Pichai,person
Dianne Grossman,person
Martin Lewis,person
Mr Moore,person
Laurence Kemball-Cook,person
Kok Thay,person
Goodlord,person
Eric Schneiderman,person
Nate Raymond BOSTON,person
Matthias Mueller,person
Jeffrey Skilling,person
Roy Moore Files,person
Steve Burke,person
Tupac Shakur,person
CTO Balaji Srinivasan,person
Stuart Lubbock Mr Barrymore,person
Wylie,person
Don MacAskill,person
Terrence Howard,person
Leonard Siudara,person
Stan Lee,person
Chris Ruddy,person
Gavin Patterson,person
Arora,person
Tree,person
Geoff Freeman,person
12/30/17,person
Derrick Wilburn,person
Kleinman,person
Manigault-Newman,person
Ramirez,person
David Vs,person
Diane Greene,person
Colopl,person
Melissa Worthington,person
Richard Faulk,person
Michael Rothenberg,person
Jamie Fleckner,person
Bill Ackman,person
Allen B. West,person
Bruce Cleaver,person
Wolfgang Holzh,person
Duggan,person
Mark Uffer,person
Robert Bennett,person
Randy Garutti,person
Haywood S. Gilliam Jr.,person
Bayne,person
Bryant,person
Alan Horn,person
Beatrice Kim,person
Dane Jasper,person
Matthew C. Freedman,person
— Donald Jr.,person
Brandon Simpson,person
Eyal Gura,person
Mitchell,person
Esplorio Tim Hampson,person
Cohler,person
Jonathan White,person
Jeremy Ables,person
Nigel Travis,person
Timothy Parker,person
Sharron Frontiero,person
John Paul Stevens,person
Rowlette,person
Dan Guido,person
Raj Anand,person
Bill Gurley,person
Bloom,person
Eve Wagner,person
Kudlow,person
Doron,person
Maverick Carter,person
Edward Stack,person
Pichai,person
Jeanne Lim,person
Worrall,person
Anne Ward,person
Ostrager,person
Quinn,person
Frederick M. Brown,person
Campos,person
Shaun Abrahams,person
Kelley,person
Broidy,person
Paz,person
David Garrity,person
Wolf,person
Phil Blancato,person
Jeffrey Cramer,person
David Shepardson,person
Eldar Saetre,person
Tucker,person
Robinson,person
Georgiadis,person
Cyrus,person
Robert Josephson,person
Jay Bartot,person
Tyler Winklevoss,person
Toya Sarno Jordan,person
Lauren Greene,person
Toby Cosgrove,person
Michael O'Leary,person
Enoch,person
Jack Etienne,person
Nikesh Arora,person
Hyperledger,person
Blackbird,person
Howard Erichson,person
Del Rey,person
Colin Hanna,person
Gorsuch,person
Rosen,person
Sue Desmond-Hellmann,person
Paul Sweeney,person
Kadhafi,person
B + L/International,person
Karen Chandler,person
Cintron,person
Rhimes,person
Milo Yiannopolis,person
Tracy Kayan,person
Carl DeBrodie,person
Lewandowski,person
Welp,person
Graziadio,person
Ken Murphy,person
Stormy Daniels s,person
Ms Corfman,person
Neil Mullin,person
Gene Kimmelman,person
Mark Wolf,person
Paula Cobia,person
Pauley,person
Bob Seldon,person
Goodlord William Roberts,person
Joel Moscowitz,person
Diogo,person
Rupesh Rupareliya,person
Mediapart,person
Whitney Wolfe Herd,person
Sophia Amoruso,person
Nancy Mucciarone,person
Mary,person
Joan Heath,person
Madden NFL,person
Ed Sheeran,person
Rustem,person
Tyler,person
Stephen Shankland,person
Chad Blythe,person
Oliver Plunkett,person
Melanie Moeller,person
Daniel Nazer,person
Kahn,person
Devin Freedman,person
Richard Anderson,person
Holly Muenchow,person
Zindel s,person
Gandalf,person
Elad Benjamin,person
Michael Melkersen,person
ActionAid,person
David Luna,person
Frank K. Dickman Jr.,person
Joe Skipper,person
Ralf Speth,person
Smith,person
Kevin de Le,person
Mike Dewine,person
Fernandes,person
Ms De,person
Waldis,person
Bernard Tyson,person
Mike Blake,person
Kleiner Perkins,person
Gap,person
Don Katz,person
Tom Simonite/Wired,person
Dee,person
Ian Read,person
Ruth Bader Ginsburg,person
Sulim Yamadayev,person
Hubert Neumann,person
Rick Scott,person
John Martin,person
Launchworks,person
Bob Bodian,person
Andrew Tornetta,person
Weiss,person
Mike Groff,person
Nat Friedman,person
David Weissman,person
Gibbons,person
John Morris,person
Hasselman,person
Craig Menear,person
DoorDash,person
Joel McElvain,person
John Podesta,person
Lisa Finch,person
Scott Guthrie,person
Ashley Tehranchi,person
Jeff Herman,person
Friedman,person
• Redstone,person
Connor,person
Bruce Schanzer,person
Rihanna,person
McCabe Sues,person
Cornell William Brooks,person
Irene Rosenfeld,person
Mr,person
Getty Papa John,person
Fubu,person
Morrisey,person
Dame Olivia de Havilland,person
Gregory Blatt,person
Atkins,person
Gecamines,person
Bruce Yandle dub,person
Carl Higbie,person
Dana Soehn,person
Deborah Ann Sivas,person
Andy Baio,person
YouTube Anna,person
Melissa Thompson,person
Sandra,person
Hubert Joly,person
Cliff,person
Xarelto,person
Peter Strzok,person
Jesse Lewis,person
Sam Liang,person
Jeff Clarke,person
Bob Smith,person
Scott Pruitt,person
Renee Dudley,person
Daibes,person
Bob Swan,person
Marjory Stoneman Douglas High School,person
Singh,person
Automattic,person
Schechter,person
Geophy Gilbert Corrales,person
Sherrilyn Ifill,person
Andy Clarke - his,person
Dave Asprey,person
Pruitt,person
Lendix,person
Logikcull,person
Larry Fink,person
A.I.,person
Paul LePage,person
Mike Cannon-Brookes,person
Brian Yorkey,person
Ashley Carman,person
Finlay,person
Dorsey,person
Lynda Cruz,person
Phil Murphy,person
Bob Pease,person
Ernest Owens,person
Roy Harvey,person
Werner Vogels,person
Janine Yancey,person
Scott Painter,person
Dolly,person
Leslie Rutledge,person
Stacy Tolchin,person
Cengage,person
Anahita Sedaghatfar,person
Adam Neumann,person
Bill Clinton,person
Andrew Dalton,person
Hans Vestberg,person
Don Rosenberg,person
Levandowski,person
Kazuo Hirai,person
Robert Beatty-Walters,person
George Soros Needs,person
Rishi Shah,person
Steve Huffman,person
Corey Mixter,person
Eric Alexander,person
HLI,person
Yoni Assia,person
Deborah Weinswig,person
Karolyi,person
Rebecca Skloot,person
Keefe Harrison,person
Adam Woodworth,person
Julie Sweet,person
Neumann,person
Noto,person
Majd Maksad,person
H.P. Acthar,person
Charles,person
RALSTON,person
Amirhossein Malekzadeh,person
Paul Driscoll Acme,person
Steven Mnuchin,person
Blesses Cryptocurrency,person
Scott S. Cunningham,person
YouTube,person
Daniel Ek,person
Gelsinger,person
Bell Pottinger,person
Lana Del Rey,person
Maroney,person
Brendan O'Grady - Teva Pharmaceutical,person
Jesse Powell,person
Tonja B. Carter,person
Jill Martin,person
Joseph diGenova,person
Farrell,person
Andrey Andreev,person
Fred Smith,person
Guru Gowrappan,person
Grassley,person
Engineer.ai Simon Bennett,person
Larry Peluso,person
John Kelly,person
Tim Horton,person
Stringer Coinbase,person
Anthony Borges,person
Jill,person
Bruce Van Saun,person
Gavin Grimm,person
Schmidt,person
Bernard J. Tyson,person
Donziger,person
Lisa Su,person
Epstein,person
Emma Doyle,person
Gabriel Kortlever,person
Leon,person
Jes Staley,person
Doug Haynes,person
David Tamberrino,person
Stephen Yale-Loehr,person
Pinduoduo,person
Cambridge Analytica,person
Brad Bauman,person
Mrs Justice Cockerill,person
David Storper,person
Sookio Sultan Saidov,person
Kevin Worth,person
Aldrin,person
Lawson,person
EPAG,person
Eric Schmidt,person
Roy Chernus,person
Daniel Black,person
Jeff Jacobson,person
Michael Burger,person
Tina Bhatnagar,person
Mattie Larson,person
Allahu,person
Brian Sullivan,person
George Daniels,person
Mandy Meloon,person
Samuel Spital,person
Volkmar Denner,person
Ms Daniels,person
Steve Lopez,person
Bryan Holcombe,person
Irvin Coleman,person
Olympic,person
Michael Miller,person
Peter Jackson,person
Amanda Howell,person
Varga,person
Patrick Lo,person
Daphne,person
Sam Smith,person
Indra Krishanamurthy Nooyi,person
Schulenberg,person
Lactalis,person
John Kennedy,person
Kevin Tsujihara,person
Ajay Banga,person
Mark Fields,person
Amy Klobuchar,person
Mark Rettenmaier,person
Meredith Phillips,person
Joe Jimenez,person
Joe Ianniello,person
J.O.E.L.,person
Enrique Iglesias,person
MacKenzie,person
Wayfair,person
Merkin,person
Brooks,person
Vasili Shynkarenka,person
Nick Woodman,person
Ashley Soltysiak,person
Cheerleader Bailey Davis,person
Kevin Scott,person
Cameron Winklevoss,person
Sheer Fright,person
George Tyndall,person
Webster Parish,person
Eleftheriou,person
Delicia Cordon,person
Andrew Finch,person
Emmet Sullivan,person
John Graham-Cumming,person
Tony LaRussa,person
Andrew Scott,person
Ramsay,person
Kelly Cahill,person
Girard,person
Elizabeth Rowe,person
Peter Knights,person
Levine,person
Scheiderman,person
Hannah Baker,person
Taylor,person
Yohai,person
Jamie Dimon,person
Walker,person
Sacha Labourey,person
Paul Reiche III,person
Thomas Casey,person
Carlos Tavares,person
Harvey Proctor,person
Happn,person
Gene Farrell,person
Kitty Hawk,person
Synchronoss,person
Marvin Ellison,person
Scott Walker,person
Rowling,person
Steve Cohen,person
John Geddert,person
Edward Blum,person
Schiff Hardin,person
Evgeny,person
Marc Benioff Justin Sullivan,person
Edmond Mesrobian,person
Cliff Richard,person
Startupbootcamp IoT,person
Novogratz,person
Elon,person
Ellis,person
Larry Dominique,person
Neil Boehm,person
Tim Fung,person
Ralph Watson,person
Antonio Lucio,person
Aaron Ament,person
Natasha David,person
Oleg Deripaska,person
Michael Bayley,person
James Kim,person
Larissa Boyce Boyce,person
Cody Pickrodt,person
Tim Cook s,person
Rad,person
Neill,person
Squires,person
Martijn Verburg,person
Alexander,person
Joseph L. Bishop,person
Nadella,person
Mary Beth Cahill,person
Kennedy,person
Andrew McCabe,person
Jonathan Greenblatt,person
Anderson,person
Alyssa,person
MeToo,person
Playas Gon Play,person
Page Six,person
John s,person
Papa John,person
Paterno,person
Murdoch,person
Kavanaugh,person
Jake Dryan,person
Jane LM Doe,person
Yu Gong,person
Casey Ellis,person
Keith Davidson,person
Greg Clark,person
Lowell McAdam,person
Jess Varnish,person
Julie Fletcher,person
Sarah Schulman-Bergen,person
Villada,person
Bozoma Saint John,person
Rajeev Misra,person
Janet Isabelli,person
Jim Umpleby,person
Steve Jakubowski,person
Daniel McCartney,person
Curling v. Kemp,person
Siu Rui Quek,person
Hodges,person
Amann,person
Hykes,person
Frank,person
Sara Tirschwell,person
David Vinsen,person
Lisa Bloom,person
Stephen Coxen,person
Moores,person
Shira Goodman,person
James Peterson,person
Patrick Doyle,person
Brad Schimel,person
Jesse Maley,person
Robert,person
Arsene Wenger,person
OpenMarket Osvaldo Spadano,person
Mario Peshev,person
Ellison,person
Matt,person
Patrick Spence,person
Sarah Jeong,person
John Lagerling,person
Cantone,person
Kevin Dietsch-Pool,person
John Donovan,person
Dr Joon Song,person
Ed Bastian,person
Brad Smith,person
Beckett,person
Alsup,person
Rob Mee,person
Sundar Pichai Justin Sullivan,person
Donald Jr.,person
Charles Eaton,person
Hospira,person
Chelsea,person
Marwan Fawaz,person
Chevalier,person
Tim Stevens,person
Elizabeth Gonzalez,person
John Foley,person
Lloyd Blankfein,person
Resch,person
Kit Kat,person
Steve,person
Tully,person
Dave Schwartz,person
Ben Longstreth,person
Katherine Harris,person
Susan Fowler,person
David Shaftel,person
Jennifer Lawrence,person
Pelletier,person
Jim Keller,person
Rick Rieder,person
John Mackey,person
Brent Backus,person
Ilya Fushman,person
Dick Griffin,person
Marcello,person
Mark Speese Resigns,person
Tim Cook,person
Steve Penny,person
Chris Piazza,person
Les,person
Toshi,person
Mark Zuckerburg,person
Laura Walker,person
Andreessen Horowitz,person
Rajiv Malik,person
Uwe Wolff,person
Glenn Fogel,person
Aaron,person
Cuomo,person
William Sheehan,person
Belinda Coleman,person
Daniel Cummings,person
James Hackett,person
Daniel Och Hedge,person
Rybka,person
Marc Jacobs,person
Jimmy Chen,person
Seth Besmertnik,person
McIntyre,person
Jeffrey Loria,person
Marc Benioff,person
Andrew Hanen,person
Eric George,person
Jorge,person
Swanson,person
Rudin,person
Jessie Woolley-Wilson,person
Tess Beatrice,person
Lauren Bonner,person
Richard Nagy,person
Leslie Moonves,person
Adam Zucker,person
Dimitrios Pogkas,person
Vine,person
J.K. Symancyk,person
Shiro Neko Project,person
Gary Kelly,person
John Riccitiello,person
Andrade,person
Schrage,person
Mandy Eddington,person
Wilbur Ross,person
Brittney Castro,person
Sosa,person
Nat Turner,person
Pat Gelsinger,person
Holmes,person
Martin Tripp,person
Stone,person
Paul Grewal,person
James Francis IV,person
Flower Essence Blend,person
John L Steele,person
West,person
Oprah 2020,person
Mathias Döpfner,person
Bush,person
Brad Parscale,person
Saate Shakil,person
S. James Otero,person
Colt Cabana,person
Boyce,person
Pam Bondi,person
Crypto,person
Wilkie,person
Mike Guthrie,person
Jeff Zillgitt,person
Kanye West,person
Palmer,person
Weinsteins,person
Pat Green,person
Mark Zuckerberg Alex Wong,person
George Bevis,person
Robert Hohman,person
Katherine Power,person
Hiroshi Mikitani,person
Algolia,person
Jami Cantor,person
Kaia Gerber,person
Mondelez,person
Craig Jelinek,person
Marshall Faulk,person
LeSean McCoy,person
James,person
Hagens Berman Sobol Shapiro,person
Fernando Villaseñor,person
Facebook COO Sheryl Sandberg,person
David Fahrenthold,person
Thoai Van Nguyen,person
Marc Kasowitz,person
Giphy,person
Jon Steinberg,person
Tabatha Bundesen,person
Ms Constand,person
Dan Ammann,person
Gary Shapiro,person
Mark Murphy,person
Nicolas Bacca,person
Dietmar Exler,person
Sumner Redstone,person
Mrs Thatcher,person
Polster,person
Mark Speese,person
Marco Polo,person
Banks,person
Chris Hook,person
Yang Shen,person
Aileen Lee,person
Paul Gerlich,person
Satanist,person
Kitces’,person
Roadshow,person
Anne Boden,person
Brian Roberts,person
Ron Burkle,person
Sarah Sanders,person
M. Ebenhack,person
Clark Valberg,person
Tom Hanks,person
Mark Merritt,person
Lawfare,person
Nichols,person
Brett Wingeier,person
Mindy Grossman,person
Jack,person
Hanen,person
John Chambers,person
Ms Underwood,person
Sarah Kaler,person
Lisa Wadlin,person
Bhatt,person
Christine Lee,person
Michael A. Jacobs,person
Rap,person
Cathy Engelbert,person
Martha,person
Bridget Patton,person
Yuqing Wei,person
Arnold,person
Khan,person
Amjad Rihan,person
McAdam,person
Matthew Prince,person
Ernest Jacobsson,person
Jessamyn West,person
Ms Redstone,person
Mr Johnson,person
Bill Maris,person
Schultz,person
Colman,person
Jean - a,person
Brennan-Krohn,person
Goodman Lantern Raph Crouan,person
Young,person
Swartz,person
Ms Novak,person
Timothy Brownstone,person
Miley Cyrus,person
Bitfinex,person
Megyn Kelly.,person
Brian Kelly,person
Jaime Waydo,person
Lemkau,person
Steve Hunt,person
Maria Vullo,person
Jason Chen,person
Kaloti,person
Pennie Cottrell,person
Les Alderman,person
Graves,person
WL Ross,person
Venus Williams,person
Weisselberg,person
Doug Field,person
Jeff Bell,person
Steven Rosenbaum,person
Dyson,person
Vekselberg,person
D. E. Shaw,person
Anderson Cooper,person
Schrems,person
Slack,person
Bill Strickland,person
Ebony Tucker,person
Yahya Jammeh,person
Splunk,person
Jim Young,person
Act,person
Steven,person
Valeant,person
Justin Francis,person
Rasvinder Dhaliwal,person
Lucy Koh,person
Maxwell Coleman Ly,person
Johnny Depp,person
Sarah Jacobs/Business,person
Peter Kafka,person
Dawn Ross,person
Landov Brad Katsuyama,person
Matt Maddox,person
David X Prutting,person
Delgado,person
Lutz,person
Noble,person
Mr Godwin,person
Richard Branson,person
Dave J Hogan,person
Ryan Smith,person
Jay C. MacDonald,person
Videos,person
Jeff Wilke,person
Steven Feldman,person
Christo Wiese,person
Racked,person
Fuggedabout,person
Kay,person
Samaras,person
Allen Smith,person
Lena Zawaideh,person
Yoel Romero,person
Aras Agalarov,person
Ian Samson,person
Zello,person
Alexandre de Juniac,person
Joan,person
Harvey Schwartz,person
Paul Querna,person
Cat,person
John Ferriola,person
Ted Olson,person
Frampton,person
John DeLorean,person
Jim Gianopulos,person
Simmons Hanly Conroy,person
Glen Tullman,person
Fritz Lanman,person
Augustine Jimenez III,person
Rice,person
T. Keith Fogg,person
Ars today,person
Meg Whitman,person
Ike Taylor,person
Safra Catz,person
Kathryn Watson,person
Carey Dean Moore,person
O'Hagan,person
Sara Priola,person
John Thune,person
Mark Hunter,person
Janice Aldrin,person
Carter Page,person
Alejandro Agag,person
Julio Alejandro,person
Lazoja,person
Natalie Behring Nasdaq,person
Davidson,person
Richard Hayne,person
Rod Rosenstein,person
Bony,person
Omar Mateen,person
Marion Jones,person
Cahill,person
Manley,person
Zhao,person
Albanese,person
Ms Ashby,person
Edward Lazarus,person
Marissa Mayer,person
Matthew McGill,person
Chandler,person
Mr Jones,person
Roberto Saviano,person
Dieter Zetsche,person
Mario Kart,person
Kadro,person
Eva Glawischnig,person
Zatezalo,person
Joyce Shipp,person
Mary E. Wiss,person
ara Lachapelle,person
Mauricio Prado,person
William,person
Tantan,person
Jennings,person
David Schwartz,person
Carlton Smith,person
Quinn Emanuel,person
Lars Windhorst,person
Colin Angle,person
Olivia,person
Anthony Levandowski,person
Jean-Fran,person
Yana Romanova,person
Fergus Noble,person
George Peretz,person
Alex Azar,person
Johnny Taylor,person
Denzel Washington,person
Andrew Pollack,person
Recode Decode,person
Lewis,person
John Thain,person
David Coale,person
Kathleen,person
Carlos Slim,person
Martha Karolyi,person
Roberto Machado Noa,person
Mark Rosenberg,person
Roberto Quarta,person
Kim Reynolds,person
Lollipops,person
Mark Dobson,person
Sean Penn,person
Auren Hoffman,person
James Murdoch,person
Patrick Morrisey,person
Jenkins,person
Kevin Mandia,person
Jean,person
Joseph Ianniello,person
Christy,person
Kim Hyun-suk,person
Mike Vallentine,person
Josh Ginsberg,person
Randy,person
Stephane Kasriel,person
Andrew Hoyle/CNET Facebook,person
Martin Sorrell,person
Arthur Sadoun,person
Strakhov,person
Olivia De Havilland,person
Josh Silverman,person
Veritaseum,person
Law360,person
Brian O'Kelley,person
Peter Lindholm,person
Andrea Tantaros,person
Dave Lewis,person
Mulvaney,person
Solomon Radner,person
Debbie Wasserman Schultz,person
Fontaine,person
Guccifer 2.0,person
Docker,person
Robert Mueller s,person
Jared Taylor,person
Schroepfer,person
John Visentin,person
Kristin Ruether,person
Tyler Haney,person
Joseph Sambito,person
Levihnson,person
Brian Goldner,person
Carsten Spohr,person
Matei Zaharia,person
EDUARDO MUNOZ ALVAREZ,person
Kim,person
William Thomas Massie,person
Jeff Cripe,person
Lucas Jackson,person
Adrian Jacobs,person
William Rubenstein,person
Kelcy Warren,person
Steven Molo,person
Kiran Bhat,person
Jamie Siminoff,person
Mark McNabb,person
Daniel Petrocelli,person
Wynn,person
Eric Liedtke,person
James Sutherland,person
Richard Pike,person
Alan Mulally,person
Michael Lohscheller,person
Johnston,person
Jesper Brodin,person
Warren,person
Quincey,person
Weinstein,person
Batali,person
CYR3CON,person
Newman,person
Joe Pozzuoli Sr,person
Rachel Witlieb Bernstein,person
James Baker,person
John Yanchunis,person
St John Deakins,person
David Gudeman,person
Balaji Srinivasan,person
Dylan Beynon Mighty Mighty,person
Abramovitz,person
Kim Kingsley,person
Shellie Pfohl,person
Raj Panjabi,person
Hunter,person
John Cryan,person
Khalifa Haftar,person
Adam Bierman,person
Jeraldo Oliverez,person
Jared Kushner,person
Catherine Alexander,person
Telltale Games,person
Bill Ruh,person
Tesla Tesla,person
Lee Eun-eui,person
Genie Harrison,person
Martinez,person
Eric,person
Aaron White,person
Arne Wilberg,person
Elvis,person
Aaron Carr,person
Jacobs,person
Kendall,person
Hagens Berman,person
Chuck Grassley,person
Peter Smith,person
Heather McGhee,person
Yeezy,person
Chesky,person
Maria Contreras-Sweet,person
Michael Beardsley,person
David Chambers Sr,person
Madden,person
Jamie Burke,person
Steven Farina,person
Satya Nadella,person
Aaron Levie,person
Manning,person
Andrew Levander,person
Airpos Matthew Gardiner,person
Copperfield,person
Stan Smith,person
Darth Vader,person
FanDuel,person
Rex Tillerson,person
Walter Shaub,person
Regina Hopper,person
Joseph Silletti,person
Viktor Vekselberg,person
Dr Luke,person
Calderon,person
Otto,person
Gymnast Aly Raisman,person
Sheku Bayoh,person
Tolkien,person
Gonzalo Curiel,person
Brynly Llyr,person
John Stankey,person
Richard Blumenthal,person
FlyNYON,person
Bob Iger,person
Oscar Munoz,person
John Flanagan,person
John Doerr,person
Tamara Sword,person
Ian Taylor,person
Moran,person
Farivar,person
Vernon Sanders,person
John Konrad,person
Max Schrems,person
Bewkes,person
Allan Candelore,person
Thiel,person
Jefferies,person
Iglesias,person
Rochon Genova,person
Axel Springer,person
Tina Bellon,person
Annie Kadavy,person
Godwin,person
Schlicksup,person
Atul Gawande,person
Sadusky,person
Ramasar,person
Ms Judd,person
Rose Bucher,person
Rollins,person
Srinivas Nalamachu,person
Lebovits,person
Hurun,person
William Reeve,person
Ken Griffin,person
Sherman,person
Mark Karpel s,person
Margaret Keane,person
Fred Holroyd,person
Gunita Singh,person
Ralph Lauren,person
LCpl Christian Garcia,person
Ricky Lauren,person
Lindsay Lohan,person
Karl Racine,person
Steven Harr,person
Joan Crawford,person
Sunny Madra,person
Michael Ludden,person
Natalie Ravitz,person
Fred Warmbier,person
Tom Siebel,person
Shantanu Narayen,person
Anna Joyce,person
Andrea Mackris,person
Jerome Pesenti,person
Rometty,person
Ars,person
Judy,person
Oswell,person
John Kodera,person
Brune,person
Doesn,person
Dan Romero,person
John Dowd,person
Kukors Smith,person
Paul Zumbro,person
Klaus Hommels,person
Cardenas,person
Neil Heslin,person
Elliott Broidy,person
Emily Clarke,person
Hiatt,person
Clare Gilmartin,person
Jorgen Nielsen,person
Graham Harris,person
Becerra,person
Kylie Jenner,person
WANG ZHAO,person
John Hickenlooper,person
Painter,person
Davan Maharaj,person
Sun,person
Media Molecule,person
Falzone,person
Veeva,person
Cottrell,person
Colin Kaepernick,person
Brad Elliott,person
Bram Schot,person
Brian Cornell,person
Bettis,person
Cliffords,person
Satoshi Nakamoto,person
Tim Hoettges,person
Chris Leslie,person
Mike McCue,person
Erin Johnson,person
Derrick Watson,person
Goodfellas,person
Pepsi Lesser,person
Mat] Henley,person
Neuralink,person
John Schnatter,person
William Booher,person
Vox,person
Jonathan Badeen,person
Larry Hogan,person
Jon Gruden,person
Henry Kissinger,person
David Fink,person
Stumphole Woods,person
James Dimon,person
Barbara Bowman,person
Allen Say,person
Hartinger,person
Wong,person
Murry Wilson,person
Ingrid Avendaño,person
Keith Hopper,person
Jeff Wilpon,person
Stefano Rosso,person
Fox,person
Law Michael J. Wishnie,person
Schuster,person
Vernon Broderick,person
Hansmeier,person
Jim Caldwell,person
Marler Clark,person
Reiner,person
Dawn Ostroff,person
Dolores Troiani,person
Greg Piatek,person
Mike Jackson,person
Larry Solov,person
Perez,person
Alexey Storchak,person
Richard Cousins,person
Hannity,person
Lauren Ehrsam,person
Cris Armenta,person
Nareit,person
Shah,person
Enquirer,person
Nick Denton,person
Downing,person
ACTH,person
McAdoo,person
Tom Leighton,person
Frank Appel,person
Jovenel Moise,person
Michael Camunez,person
Christine Lagarde,person
Janice,person
Engler,person
Kache.ai,person
Jay Adkisson Donald Tangwall,person
Michael Dell,person
Marcelo Odebrecht,person
Landy,person
Raelene Castle,person
Chaney,person
Jesse Van Tol,person
Niewoehner,person
Darwin Deason,person
Perlmutter,person
David Wichmann,person
Rosenblum,person
Sullivan,person
Thomas Marquardt,person
Coolpad,person
Andrew Left of Citron Research,person
Jeff Flake,person
Singletrack Peter Ward,person
Greg Creed,person
Art Peck,person
Julie Rikelman,person
Natalie Naugle,person
Akbar Al Baker,person
Marc Raibert,person
Albert Heber,person
Summer Zervos,person
David Askinas,person
Deborah Rose Stine,person
David Chavern,person
Mozelle Jackson,person
Kris Duggan,person
Vidpresso,person
Barbara,person
UiPath,person
Kim Dotcom,person
Andrew Hunter,person
Telltale,person
Coleman,person
Dungey,person
Allen Lew,person
Dan Leader,person
Everlaw,person
Lerner,person
Korp,person
Charles Thorngren,person
Adam Aron,person
Reynolds,person
John Elkann,person
Staley,person
Nick Valencia,person
Alden Global,person
Emily Miethner,person
Gertrude Chavez-Dreyfuss,person
C.K. Lee,person
Lanhee Chen,person
Lendix Benjamin,person
Richard Parsons,person
Linda Johnson Rice,person
Reed,person
Scott Lloyd,person
Stormy Daniels Lawsuit,person
Dave Ricks,person
CTO Adit Trivedi,person
Katherine Moussouris,person
Ahmed Mohamed,person
Nilsson,person
Michael,person
Belinda Wong,person
Rick Perry,person
Cardona,person
Allen,person
Shari,person
Mandy Ginsberg,person
Bryant Greening,person
Jesse Ferguson,person
Allen Secretov,person
Clifford,person
John Gruber,person
Charles Gorintin,person
Ally Bolour,person
Cindy Warmbier,person
Angela Ahrendts,person
Emmet Flood,person
Twitter Kaepernick,person
Vonn,person
Glenn Arcaro,person
Juliana v.,person
Curry,person
Mr Wynn,person
Sara Varni,person
Hitler,person
Zika,person
Ms Cheston,person
Darin Oduyoye,person
Matt Walter,person
John Kapoor,person
Ross Gerber,person
Andy Clark,person
Mike Manley,person
Julius Baer,person
Adam Singolda,person
Tantaros,person
Baker Hughes GE,person
Richard Painter,person
Hilary Swank,person
Stallone,person
Jeremy King,person
Pai,person
Kyle Barbados,person
Greg Thomsen,person
Ukad,person
Toby Sun,person
Golanzo Curiel,person
Charles Johnson,person
Diller,person
Nicole Hockley,person
Stormy Daniels,person
Slater,person
Ivana,person
Leon Degrelle,person
Alix,person
Salah,person
Elon Musk,person
Josh Shapiro,person
Ken Hu,person
Battlestar Galactica,person
Holtz,person
Fatima Goss Graves,person
Tim Costa,person
John Flannery,person
Paul Mumford,person
Marcio Jose Sanchez,person
Sackler,person
Samantha McDonald,person
Fred DeLuca,person
Ferrick v. Spotify,person
Len Blavatnik,person
Neulasta,person
Luca Maestri,person
Ronald Reagan,person
Bryan Crowley,person
John Doe A-1,person
Chip Pickering,person
James Quincey,person
Carl,person
Sarah Chandler,person
David E. Johnson,person
Lance Armstrong,person
Bill 7026,person
Sandy Hook,person
Deana Haggag Deana Haggag,person
Valentin Stalf,person
Down,person
John Saw,person
Rezaian,person
SoFi,person
Jarrod Warren Ramos,person
David Peltan,person
Alexandra Canosa,person
Thomas Mesereau,person
Laura,person
Mr Zuckerberg,person
Mark Zuckerberg Chip Somodevilla,person
Hamilton Powell,person
Fred Kempe,person
Kesha,person
Ryan Taylor,person
Henry Blodget,person
Alison Brittain,person
Ainge,person
Hiroshi Lockheimer,person
Sean Hall,person
Bixby,person
Hochman,person
Sanjay Mehrotra,person
Clyburn,person
Prince,person
Moses Guttmann,person
Simmons,person
Alfred Rava,person
Ms Korp,person
Steve Waldis,person
Reinaldo Aguiar,person
Michael Erdos,person
Jill Renick,person
Grimes,person
Oliver North,person
Abraaj,person
Shirin Ghaffary/Recode,person
Patrick Byrne,person
Elad,person
Bonner,person
Jean-Pierre Mustier,person
Mark Schneider,person
Eddie Lampert,person
Matt Levatich,person
Sinclair Lawsuit,person
ZiXuan Rao,person
Peter Beck,person
Michael Gelband,person
Bill de Blasio,person
Bauman,person
Devin O'Malley,person
Ron Wyden,person
Rachel Whetstone,person
Kayla Moore,person
Hao Zheng,person
Bookingbug Guy Morris,person
Rob Schilling,person
Jerry Jones,person
Anton Yelchin,person
Dan Turner,person
Vocus,person
Dan Eberhart,person
Robert Nolte,person
Richelieu Dennis,person
Massimiliano,person
Joanne Brine,person
QuintilesIMS,person
Sleep,person
Iger,person
Loretta Lee,person
Jerardo Olivarez,person
Gary Burnison,person
Kimye,person
Borderlands,person
Xi,person
Erick Robinson,person
Travis Kalanick,person
Bill Simon,person
Jeffrey Immelt,person
Fowler,person
Daniel Malloy,person
can(not,person
Selvaratnam,person
Patagonia s,person
Gazprom Neft,person
TanTan,person
Michael Yin,person
Paul Zindel,person
Dick Costolo,person
Fred,person
Chun Han,person
Sarah Robb O'Hagan,person
Kenneth Frazier,person
Girard Gibbs,person
Kennedy Miller Mitchell,person
Jan Koum,person
John Wren,person
Frances Bean,person
Marcus,person
Juergen Stein,person
Donnelly,person
Jeff Nardinelli,person
Mark Dubowitz,person
Gerry Smith,person
Anthony Wood,person
Howard Fowler,person
Ek,person
Al Pacino,person
Shanks,person
Lex Bayer,person
Raj Rajaratnam,person
Julie Lagacy,person
Zach Gibson,person
Paul Achleitner,person
Bruce Broussard,person
Teicke,person
Ted Chung,person
Prekop,person
Don Haviland,person
Joey Levin,person
Eddie Cascio,person
Sacha Baron,person
Andrew Wilson,person
Anglin,person
Mary Doe,person
Mr Zimmerman,person
Flores,person
Errol,person
Don Walker,person
Chris Lee,person
Stu Taylor,person
Sputnik,person
Amin Nasser,person
Jones Day,person
Paula Jones,person
Ms Vullo,person
Nix,person
Baird,person
Dean Garfield,person
Shanay Bolden,person
O'Bryan Spikes,person
Bevin,person
Travis Reinking,person
Cicco,person
Jeff Storey,person
Mark Hurd,person
Michael May,person
Isaacs,person
Clara,person
Ted Sarandos,person
Stephen Lanzo III,person
Martin Lewis s,person
Tara Lachapelle,person
Alexei Navalny,person
Andy Grove,person
Julian Teicke,person
Matt Couch,person
Dumpson,person
Kevin Downing,person
Buzz Aldrin,person
Hauser,person
Christopher Wray,person
Stephen Rue,person
Jerry Shen,person
Matt Maloney,person
Stinky Pigs,person
Dianne,person
James Gorman,person
Textio,person
Loom.ai,person
Blocher,person
Jace Cooke,person
Cody Wilson,person
David Mueller,person
Comey,person
Allred,person
Tasha,person
Aycock,person
Steven Mollenkopf,person
Stephen Lubben,person
Elaine L. Chao,person
David Kennedy,person
Och,person
Whitney Herd,person
Kevin Murphy,person
Morgan,person
Cayce,person
Mackris,person
Jennifer Piepszak,person
Andrew Von Eschenbach,person
Zimmerman,person
Michael Schulenberg,person
Molly Ringwald,person
Munger,person
Blaine Hurst,person
Jessica Rosenworcel,person
Missy Elliot,person
Stacy Green,person
Don Jr.,person
Harmeet Dhillon,person
Lanzo,person
Mike Coupe,person
Shahien Nasiripour,person
Joshua Bolten,person
Coincheck,person
Mr Damore,person
Mark Smith,person
Anshu Jain,person
Hamid,person
Tommy Chang,person
Bruce Linton,person
Lerer Hippeau,person
Page Zeringue,person
Wolfe Herd,person
Fink,person
Andreas Fibig,person
Marc Tinkler,person
Vince Chhabria,person
Stephen Mader,person
Michael Seibel,person
David Solomon,person
Ginger Evans,person
Russell Katz,person
Brian Behlendorf,person
Caesar,person
Jimenez,person
Emily Byrne,person
Zachary T. Elsea,person
Karim Habib,person
Larry Page,person
Mike Fries,person
Barack Obama,person
Sarah Kate Ellis,person
Dan Etete,person
DeleteFacebook,person
Boone Wayson,person
Olson,person
Zimbalist,person
Steve Case,person
Lim Kok Thay,person
Sam P. Israel,person
Mike Ferrari,person
Clare Garvie,person
Lee Daniels,person
Constantine Cannon,person
Scott Wainner,person
Brendan Eich,person
John Hammergren,person
Lewis Horne,person
Jeanne Christensen,person
"Robert ""LaVoy",person
Don,person
Robert Weinstein,person
Centene,person
Damian,person
Sokolov,person
Doug Ducey,person
Carl Ferrer,person
Jeffrey Smith,person
Michael Huppert,person
Ashby,person
Lisa,person
Richard Leon,person
Deaf,person
Superman,person
Bobby Lee,person
Emilio,person
Michael Dunlap,person
Matt Kumin,person
Jayne Conroy,person
Erik Andrade,person
Weinstein Schneiderman,person
Cunningham,person
Bill Gates,person
Judith McKenna,person
Quaaludes,person
Steve Wilamowsky,person
Mike Tolbert,person
Steven Senne,person
Maria Bartiromo,person
Rosanne,person
Andrea Constand,person
Hassell,person
Ruth Porat,person
Mark Begor,person
Barry,person
Page,person
Gregg Galardi,person
Obama,person
Brown,person
Jonathan Freund,person
Betsy DeVos,person
Mark Lerner,person
Ted Ellis,person
Mickey Mouse,person
Jana,person
Ms Loman,person
Cipher Browser,person
Tobin,person
Rayne,person
Jeffrey Katzenberg,person
Clive Rose/Getty Images,person
Jennifer Dial,person
Paul S. Ryan,person
Jim Anderson,person
Xavier Becerra,person
Unworth,person
Evan Williams,person
Nelson Minier,person
David Rubenstein,person
Kevin Rudd,person
Emma Loman,person
Sorkin,person
CTO Robert Elliot English,person
Bailey Davis Instagram,person
Alexandre Bompard,person
Ihab Tarazi,person
Jason Derulo,person
Mike Pence,person
Burroughs,person
Jeff Zucker,person
Girardi,person
Ross Duffer,person
Lachlan Murdoch,person
Anthony Levandowski s,person
Manual,person
Diane Bartz,person
Hywel Carver,person
Craven,person
Christa Quarles,person
Ms Carlson s,person
George Karidis,person
Deena Bradbury,person
Layshia Clarendon,person
Dennis Vacco,person
John Stumpf,person
Vinayak Prasad,person
Xi Jinping,person
Acthar,person
Jim Chanos,person
Stefano Domenicali,person
Ayers,person
Analytica,person
Gabriela Joslin,person
Magaly Charbonneau,person
David Kudla,person
Charlie HR Rob Prevett,person
Jamie Erlicht,person
Lim Chee Wah,person
Mike Hunter,person
McNamara,person
Charles F. Robinson,person
Nat Levy,person
Belinda Neumann,person
Al Falih,person
Mark Bertolini,person
Glyn Moody,person
Doug McMillion,person
Carl Icahn,person
Hurry,person
Deborah Batts,person
Simon Fuller,person
Fordcastle Stephen Roberts,person
John Taylor,person
Steve Page,person
Brian Edward Turner,person
Larry Rudolph,person
Tavis Smiley,person
Ezra Klein,person
Tara Ayres,person
Hulk Hogan s,person
Reilly,person
Hubble Tristan Palmer,person
Mark Mosley,person
Marcos Hernandez,person
Rodney McMullen,person
Charles McQuillan,person
Francis Morel,person
Jarosik,person
Benjamin Blasco,person
Herbert Diess,person
Spencer Kimball,person
Mr Avenatti,person
Devon Spurgeon,person
Stapleton,person
Brady Tucker,person
Joe Rogan,person
Dr Schulenberg,person
Sara Ann Makenzie,person
Tien Tzuo,person
Infowars,person
Joslin,person
Gurbir Grewal,person
Glenn,person
Hari Krishnan,person
Schecter,person
CTO Snehal Shinde,person
Cosby,person
Gary Vaynerchuk,person
John Sculley,person
Blankfein,person
John Reilly,person
Paula Corbin Jones,person
Scott Smith,person
Tom Claps,person
Rypien,person
Harper Lee,person
Helena Foulkes,person
Mallory,person
Mark J. Barrenechea,person
Chris Satchell,person
Peter Thiel,person
Ray,person
Joshua Friedman,person
Lisa Rickard,person
Episode1 Partners,person
Ivins,person
Luckey,person
Jerry Falwell,person
Saint John,person
Sean Rad,person
Al Kelly,person
Fan Yuan,person
Burford,person
Leon Fresco,person
Shannon Liss-Riordan,person
Goodarzi,person
Adena Friedman,person
Elliot Harmon,person
Steve Mollenkopf,person
Michael Reed,person
Craig Handley,person
Brian Krzanich,person
Brad Tilden,person
Corey Lewandowski,person
Keith Ellison,person
Gymnast,person
Diaz,person
McNabb,person
Pharrell Williams,person
Mark Powell,person
Sean Gallup,person
Brian,person
Rubin,person
Maxwell Coleman,person
Laure Claire Reillier,person
Dylan Byers,person
Joshua Schwadron,person
Siegel,person
Anas Dowl,person
Glenn Frey,person
John W. Dean,person
Sundar Pichai Greg Sandoval,person
Sid Sijbrandij,person
Charlotte Arrowsmith,person
Robyn Merrill,person
John Kenneally,person
Rothenberg,person
Benigno Aquino,person
Olga Zaytseva,person
PeTA,person
Rosette Pambakian,person
James Franco,person
Scorsese,person
Szyller,person
Michael W. Fitzgerald,person
Kelsey Juliana,person
Davis Wright Tremaine,person
Olivier Goudet,person
Frank Ungaro Jr.,person
Börje Ekholm,person
Jennifer Gabris,person
Mitch Goldstone,person
Burning Man,person
Paul Jacobson,person
Ed,person
Valerie Plame,person
Loman,person
David Cage,person
Jon Penney,person
Kelly Parisi,person
Sachin Dev Duggal,person
Osman Kibar,person
Steve Jobs,person
Jeter,person
Randall Crater,person
Jeff Mitchell,person
Hewitt,person
Furiosa,person
Bernard Arnault,person
Nicole Eagan,person
Pete Martin,person
Bob Carter,person
Alves,person
Michael Platt,person
Turpin,person
Richard Yu,person
Keith Block,person
Andrew Dunn,person
Akbar,person
Peg Brickley,person
Michael Lewis s,person
Laurie Van Brunt,person
Hastings,person
Bob Nardelli,person
Dan Cummings,person
Jean-Michel Basquiat,person
Lindsey Lohan,person
Lila Ibrahim,person
Moe Gangat,person
Zachary,person
Darwin,person
Arnout Schuijff,person
Melinda Lee,person
Wilberg,person
W. Mark Lanier,person
Brad Jenkins,person
Christina Korp,person
Scott Creighton,person
Ramesh Tainwala,person
Renacci,person
Los Angelenos,person
Stevie Nicks,person
Robin Epstein,person
William Murray,person
Paul Polman,person
CTO Paul Berry,person
Jack Stoddard,person
Kit Daniels,person
Bob Murray,person
’d,person
Kathryn Novak,person
Lyons,person
Haynes Jr,person
Caruana Galizia,person
Ashley Judd,person
Dan Gertler,person
Mark Zuckerberg s,person
Altice,person
JP Morgan Chase,person
Janice Denoncourt,person
Craig McCann,person
Michael DuVally,person
Jeff Bewkes,person
Leyou,person
Angela Coleman,person
Atticus Finch,person
Getty Rapper,person
Roger Moore,person
SAM,person
Ryzen,person
Brian Hart,person
Dara Kosrowshahi,person
Rotondo,person
Brad Grey,person
Lawrence Kudlow,person
02:16 Brooke Santina,person
Casey Affleck,person
Jackie Speier,person
bin Salman,person
Rosario Poma,person
Marsh,person
Daniel Schreiber,person
Christopher Hart,person
Travis VanderZanden,person
Joanna Shields,person
Barriss,person
Benjamin Wey,person
Rodan + Fields' Lash Boost,person
Henry Kravis,person
Randy Winchester,person
Edwards,person
Louviere,person
Zack Van Amburg,person
Kevin Bruner,person
Dick,person
Rony Abovitz,person
Michael Nathanson,person
Bill McGowan,person
Tom Murray,person
CTO Ray Owen,person
Brennan Gilmore,person
Adult,person
Frazier,person
Don Lemon,person
Bill Carmody,person
Mortimer,person
Jon Coupal,person
Volocopter,person
Gregory Pratt,person
Keith Wyness,person
Mickey Drexler,person
McGuigan,person
Heidi Lamar,person
Hunter Merghart,person
Essential,person
Meija,person
Meloon,person
Wes Bruer,person
Martin Chavez,person
Ryan Detert,person
Martin Arnold,person
Barron,person
Kandice Hawes,person
Ron Wolf,person
Michelle Caiola,person
Barbara Jones,person
Chip Bergh,person
Linda,person
CTO Steve Vozar,person
Matt Furie,person
Tracy Sampson,person
Tidjane Thiam,person
Dreamers,person
Chris Christie,person
Son,person
Vahid Moradi,person
Harald Krueger,person
Mr Barnes,person
Larry Perkins,person
Katie Moffat,person
Farner,person
Gonzalez-Garcia,person
Murphy,person
Werner Baumann,person
Chris Collins,person
Josh Pastner,person
Kenneth Chenault,person
Oscar,person
Farr,person
Dan Schulman,person
Candy Maker,person
Chyna,person
Stephen Balkam,person
David Harquail,person
Chris Farley,person
Dirk Van de Put,person
Bennett,person
Sean Hutchinson,person
Pat Brown,person
Daniel,person
Alex Holmes,person
Elliott,person
Otto Frederick Warmbier,person
Jusstice Byron White,person
Silver Miller,person
Ailes,person
R. Kelly,person
Charles Hayter,person
Gallagher,person
Alexey Gavrilov,person
Angelina Jolie,person
Konopca,person
Esther Williams,person
Charlie Rose Sexual,person
Steven Donziger,person
Mario Batali,person
Pony Ma,person
Fletcher,person
Valerie Huber,person
Om Mas Keith,person
Ann Coulter,person
Cindy Chen Delano,person
Charlie Rose,person
Jerry Olivarez,person
Katie Townsend,person
Caleb Yeoh,person
Wahba,person
Donald Raymond McClarren,person
Emmanueal Besnier,person
Carolyn Been,person
Alex Baldock,person
Matthew De Silva/Quartz,person
Joe Zidle,person
Rich Guerrini,person
Tim Sloan,person
Brian Duperreault,person
Paulino,person
Strampel,person
Mike Farah,person
Maura Healey,person
Johann Persson,person
Wayne,person
Beyonce,person
Saint-Dominique,person
Neil Cocker,person
Bannon,person
Kramer,person
Katy Perry,person
Vern Unsworth,person
Nelly,person
Herald,person
Mayer Brown,person
Kathrine McKee,person
Tim Sweeney,person
Simorangkir $,person
Oisin Lunny,person
Getty,person
WAYN Pilgrim Beart,person
Rich Allison,person
Simon,person
Getty AT&T,person
David Goldman,person
Mark Darbon,person
Merli,person
Blink,person
JM Smucker,person
Vlad Tenev,person
Shaw,person
Andrew Kossack,person
Bassem Wahba,person
Chad Laurans,person
Changpeng Zhao,person
Alex Chesterman,person
Troy Dayton,person
Jill Craft,person
Harrison,person
Jessica Simpson,person
Asgar,person
Bryce Ell,person
Krishnan,person
Ronan Shaul,person
Robert Carr,person
Joanne Anderson,person
Autopilot,person
Oren Etzioni,person
Burke Ramsey,person
Nick Muzin,person
Jessica DiNapoli,person
Bette,person
Cindy Mi,person
Depp,person
Byrne,person
Loon,person
Ted Frank,person
Reed C. O’Connor,person
John Chen,person
Moini,person
Tim Armstrong,person
Solomon,person
Wieber,person
Meadow,person
Meg,person
Maldonado,person
Rob Kardashian,person
Tripp,person
Solomon Hykes,person
Haimovitch,person
Fox FOXA,person
Freidman,person
Tiger Woods,person
John Thomas,person
Spencer Pratt,person
Bolivar,person
Tanya Gersh,person
Martinkat,person
Max Sequels,person
Craig Timberg,person
Dauman,person
George Loucas,person
Stephanie Lenz,person
Allen Baddour,person
Bashneft,person
Cristina Chen-Oster,person
Bloomberg Clifford,person
Tiffany Thomas-Lopez,person
Farenthold,person
Steve Ballmer,person
John Donahoe,person
Phil Shadid,person
Berkshire Hathaway,person
Scott,person
Solomona,person
Jekyll,person
Eileen Connor,person
Ms Hwang,person
Peter,person
Randy Miller,person
Jim Carrey,person
Shawn Nelson,person
Fest,person
James Foote,person
Seph Pochin,person
Antonio Gracias,person
Paul Dyson,person
Crothers,person
Caputo,person
Jonathan Grubin,person
Randy Hargrove,person
Simon Charlton,person
Daniel Kraus,person
Taek Jho,person
Sanda McGuigan,person
Antonio Neri,person
CTO Peter Townsend,person
Miguel Bombach,person
Jason Jones,person
Caldwell,person
Bob Bakish,person
Stormy Daniels Seeks,person
Stefan Thomas,person
LeBron James,person
Vander Ark,person
Dor Skuler,person
Crater,person
Wolf Blitzer,person
Josh Harms,person
Masayoshi Son,person
Hannah,person
Robert Herjavec,person
Bill Miller,person
Andrew,person
Lee,person
Breham,person
Steal Top Talent,person
Point72,person
Jason Holt,person
Jason Mars,person
George Papadopoulos,person
Nir Bar-Lev,person
Suhail Doshi,person
Richard Johnson,person
Nelson,person
Brian Niccol,person
Conor Lamb,person
Susan Desmond-Hellmann,person
Wunderman,person
Alex Hardiman,person
Kathryn Minshew,person
Alexis Tsipras,person
Schwimmer,person
Nicholas Katz,person
Hollis Johnson/Business,person
Paulo Shakarian,person
Bill Morrow,person
Carter,person
Jay Alix,person
Francis Nappez,person
SalesSeek Tim Parlett,person
Alex Bruell,person
Beardsley,person
Gavin Hattersley,person
Jeff Zients,person
Craig S Wright,person
DeVos,person
Drew Harwell,person
Amir Husain,person
Irwin Mitchell,person
Warner Bros,person
Steely Dan,person
Mark Enoch,person
Marilyn Yim,person
Rob Lloyd,person
Tonja Carter,person
Alexandra Wisner,person
Bill Schuette,person
David L. Snyder,person
Renetta Cheston-Thorton,person
Sarah Tinsley,person
Allison Blixt,person
PropertyGuru,person
Marshall,person
Stefania Zaccarri(L,person
Bryan Birsic,person
Angelo Robles,person
Eugene Kaspersky,person
Kerry Trainor,person
John Coffee,person
Bob,person
Lloyd Bucher,person
Evzio,person
CTO Mike Schroepfer,person
Gerhard Schroeder,person
Elon Musk Tesla,person
Rick Gates,person
Taka Ichise,person
Jeremiah Lynch,person
Nigel Green,person
Trinet,person
Ars yesterday,person
Bratz,person
Michael Dial,person
Chelsea Russo,person
Sid Rosenberg,person
Steve Wynn s,person
Brooke Santina,person
Bruno Junqueira,person
Steven Christensen,person
Nat Levy/GeekWire,person
Mark Mader,person
LeCun,person
Patrick Fitzgerald,person
Brian Armstrong Anthony Harvey,person
Harvey,person
Charles Marlowe-Cremedas,person
Runcie,person
Brendan Kennedy,person
Brian Kabateck,person
Paxton,person
Greg Duffy,person
Jim Fish,person
Picard,person
Megan Smith,person
Shivinder Singh,person
Buzzfeed Replay,person
Mr Cohen,person
Max Whittaker,person
Roll7 Simon Murdoch,person
Joanna Hendon,person
"Mortimer J. ""Tim"" Buckley",person
Alexandra Waterbury,person
Barara Wacker,person
Victor Luis,person
Rebecca Gomez Diamond,person
Terix,person
Gurley,person
Saverin,person
David Knox,person
Kevin Lynk,person
Mark E Smith,person
Kai Sakesla,person
Oliver,person
Caproni,person
Julie Bort/Business Insider,person
Monique Greene,person
Raisman,person
Cox Portfolio,person
Alexandra Milchan,person
Serrano,person
Wedge,person
Kevin Systrom,person
Marc Lore,person
Sundar Pichai Google,person
Ramakrishnan,person
Owen,person
Aaron Skonnard,person
Brooke Crothers,person
Ronald Taylor,person
Sara Silverstein,person
Burch,person
Jeff Bezos,person
Richard Smith,person
Eugene,person
Kelli Rowlette,person
Peter Duke,person
Duesmann,person
Baraka,person
Justin Verlander,person
Nicki Minaj,person
Douglas K. Howell,person
Alex Kaplan,person
Jordana Strosberg,person
Anthony Smellie,person
Mary Altaffer,person
Pell Vatican,person
Shuster,person
Dick Cheney,person
Max,person
Heidi Gilbert,person
David Brandon,person
Nicholas Woodman,person
DJ Koh,person
Rick Wagoner,person
Cindy,person
Bernie Sanders,person
Gal Gadot,person
Chris Cuomo,person
Lasnik,person
Amnon Shashua,person
Mr White,person
John Cena,person
Mader,person
Moriah Rose Pereira,person
Ducey,person
Kearney,person
Blatt,person
Fitzpatrick,person
Demi Lovato,person
Mira Sorvino,person
Garaufis,person
Bill Harris,person
Doug McMillon,person
Ledger Nicolas,person
Doug Lamborn,person
Mr Trump,person
Dania Maxwell,person
Dawn Hudson,person
Armstead,person
Gary Cohn,person
Ben Wittes,person
Pandora,person
Arenda Wright Allen,person
Praveen Tipirneni,person
Andy Lowery,person
Robin Wilson,person
Jane Doe,person
Lisa Kincaid,person
Vincent Sadusky,person
Winkelmann,person
Steven Collis,person
Giuliani,person
Eric Ervin,person
Mignon Clyburn,person
Benioff,person
Meadow Pollack,person
Mark,person
Corrine Png,person
1MDB,person
Mike Flewitt,person
Christopher Lischewski,person
Reuters Tesla,person
Andrew Liveris,person
Jack Martinell,person
Amy S. Conners,person
Met,person
Suzanne Vranica,person
Polanski,person
5GB,person
Han Nguyen,person
Chris Wanstrath,person
James McClatchy,person
Schneiderman,person
Jose Andres,person
Dead Man,person
Jane Hali,person
Jos Emeterio Guti rrez,person
Eran Shir,person
Oscar Robertson,person
Goodin,person
Krystal Kim,person
Gert Sylvest,person
Nicole Wong,person
Bo Young Lee,person
